"school","sex","age","address","famsize","Pstatus","Medu","Fedu","Mjob","Fjob","reason","guardian","traveltime","studytime","failures","schoolsup","famsup","paid","activities","nursery","higher","internet","romantic","famrel","freetime","goout","Dalc","Walc","health","absences","G1","G2","G3","M1","M2","M3","M4","M5","M1_ratio","M2_ratio","M3_ratio","M4_ratio","M5_ratio"
"GP","M",15,"U","GT3","T",4,2,"teacher","other","home","mother",1,2,0,"no","yes","yes","no","yes","yes","no","no",4,3,3,2,2,5,2,15,15,14,-10224.4271,-10202.061,-10183.417,-10201.9129,-10246.6019,0.250390089210184,0.249705584997688,0.249135566422186,0.249701054962922,0.251069479433629
"GP","F",17,"U","GT3","A",4,3,"services","services","course","mother",1,2,0,"no","yes","yes","no","yes","yes","yes","yes",5,2,2,1,2,5,23,13,13,13,-9531.46520000002,-9508.36519999998,-9507.93509999998,-9505.93529999999,-9438.97290000001,0.251084345747318,0.250323503980597,0.250309346606902,0.250243524461158,0.248043493840684
"GP","F",15,"R","GT3","T",3,3,"services","services","reputation","other",2,3,2,"no","yes","yes","yes","yes","yes","yes","yes",4,2,1,2,3,3,8,10,10,10,-10268.6099,-10081.1718,-9888.6418,-9800.81600000002,-9786.52059999999,0.259589223391527,0.253648917530742,0.247605291040741,0.24486769989018,0.24442323885797
"GP","M",16,"U","GT3","T",3,1,"other","other","reputation","mother",1,1,0,"no","no","no","yes","yes","yes","no","no",5,3,2,2,2,5,2,12,12,14,-10224.4271,-10202.061,-10600.0626,-10584.2224,-10634.9318,0.243315473381441,0.242654062627527,0.25452993433601,0.254052946867649,0.255581211491598
"GP","M",17,"U","LE3","T",2,3,"services","services","reputation","father",1,2,0,"no","yes","yes","no","no","yes","yes","no",5,3,3,1,3,3,2,12,11,12,-9437.46160000002,-9425.6522,-9457.01300000001,-9447.80039999999,-9468.36169999998,0.249676042198273,0.249285730753114,0.250322770214874,0.25001794924928,0.250698473597989
"GP","F",15,"U","GT3","T",1,1,"other","services","course","father",1,2,0,"no","yes","yes","no","yes","yes","yes","no",4,4,2,1,2,5,0,8,11,11,-9390.16140000001,-9384.2477,-9393.37560000002,-9391.63479999999,-9401.73780000002,0.249931128389386,0.249734419352037,0.250038069189484,0.249980148137363,0.2503163766948
"GP","M",15,"U","GT3","T",2,2,"services","services","home","father",1,4,0,"no","yes","yes","yes","yes","yes","yes","no",5,5,4,1,2,5,6,16,14,15,-10859.1848,-10825.5145,-10763.5739,-10771.4486,-10739.4535,0.251953299154439,0.250976019638009,0.249182174831347,0.249409946367935,0.248485021483873
"MS","M",19,"U","LE3","T",1,1,"other","at_home","course","father",1,1,0,"no","no","no","no","yes","yes","yes","no",3,2,3,3,3,5,5,8,9,9,-10050.6145,-10066.7977,-9666.5069,-9707.99469999999,-9705.45920000003,0.256741934328994,0.257261684062181,0.244530612497762,0.245838124526767,0.245758137960892
"GP","F",19,"U","GT3","T",0,1,"at_home","other","course","other",1,2,3,"no","yes","no","no","no","no","no","no",3,4,2,1,1,5,2,7,8,9,-11332.8175,-12706.6404,-12187.1398,-13434.2331,-13617.2186,0.218168580358191,0.251261348087019,0.238538321110651,0.269526575155121,0.27420440577889
"GP","F",17,"U","GT3","T",4,2,"other","other","reputation","mother",2,3,0,"no","yes","yes","no","yes","yes","yes","no",4,3,3,1,1,3,0,15,12,14,-10265.9033,-10246.3321,-9779.93740000002,-9789.52210000002,-9868.57090000003,0.258688880286283,0.258068436679865,0.243461723852873,0.243758486474443,0.246211417072586
"GP","M",16,"U","LE3","T",2,2,"other","other","reputation","mother",2,2,0,"no","yes","no","yes","yes","yes","yes","no",5,4,4,2,4,5,0,13,13,12,-9449.67070000001,-9438.27110000002,-9457.01300000001,-9447.80039999999,-9482.14509999999,0.249824543034631,0.249447989938808,0.250067195054548,0.249762747474066,0.250898487020073
"GP","M",17,"U","GT3","T",3,3,"other","services","reputation","mother",1,1,0,"no","no","no","yes","no","yes","yes","no",4,3,5,3,5,5,3,14,15,16,-11906.2364,-11874.5299,-11959.6373,-11895.2016,-11996.9632,0.249468917913072,0.248639397114268,0.250868512257263,0.249180095119951,0.251848657104917
"MS","F",18,"U","GT3","T",3,3,"services","services","course","father",1,2,0,"no","yes","no","no","yes","yes","no","yes",5,3,4,1,1,5,0,10,9,9,-9968.3342,-9976.20669999998,-9887.50590000001,-9882.69359999999,-9833.2172,0.251855205878488,0.252104252986187,0.249303915517433,0.24915234649642,0.247596159535768
"GP","M",16,"U","GT3","T",2,2,"services","other","reputation","father",2,2,1,"no","no","yes","yes","no","yes","yes","no",4,4,2,1,1,3,12,11,10,10,-9414.67009999999,-9391.72289999999,-9437.03000000003,-9414.87900000002,-9399.05379999997,0.250106227144148,0.249344619402373,0.250849236398693,0.250113164710778,0.249587827937648
"GP","M",17,"R","LE3","T",1,1,"other","services","course","mother",4,2,3,"no","no","no","yes","yes","no","no","yes",5,3,5,1,5,5,0,5,8,7,-9964.9531,-10792.554,-10152.2076,-10889.6794,-11056.7369,0.232331066384633,0.256577180775663,0.23773477450552,0.259485350436442,0.264519071102995
"GP","F",16,"U","LE3","T",4,4,"health","health","other","mother",1,3,0,"no","yes","yes","yes","yes","yes","yes","yes",5,4,5,1,1,4,4,14,15,16,-11871.8822,-11837.7011,-11111.3883,-11134.3638,-11182.5341,0.262269375045752,0.261316933647425,0.24141294338182,0.242032941415593,0.24333483811327
"GP","M",16,"U","LE3","T",4,3,"health","other","home","father",1,1,0,"no","no","yes","yes","yes","yes","yes","no",3,1,3,1,3,5,4,8,10,10,-9598.78170000001,-9603.4599,-9722.70880000001,-9737.06529999999,-9707.2988,0.247579308479351,0.247729864312084,0.251579889718491,0.252045001304247,0.251081031970094
"MS","F",18,"R","GT3","T",4,4,"other","teacher","other","father",3,2,0,"no","yes","yes","no","no","yes","yes","yes",3,2,2,4,2,5,10,14,12,11,-9418.59200000002,-9418.4995,-9474.28080000001,-9474.278,-9499.88870000001,0.248728581155487,0.248725530814206,0.250567721123864,0.250567628516806,0.251415249561022
"MS","M",18,"U","LE3","T",4,4,"teacher","services","other","mother",2,3,0,"no","no","yes","no","yes","yes","yes","yes",4,2,2,2,2,5,0,13,13,13,-9741.5904,-9725.63660000002,-9465.54629999998,-9468.54030000002,-9508.92140000001,0.255224949748412,0.254700507731411,0.246212067780379,0.246309127989615,0.247619690801411
"GP","F",19,"U","GT3","T",4,4,"health","other","reputation","other",2,2,0,"no","yes","yes","yes","yes","yes","yes","no",2,3,4,2,3,2,0,10,9,0,-24073.9933,-24190.2772,-26036.0695999999,-26052.1386,-25558.2179,0.236398003076362,0.237811418225435,0.260687527774196,0.260890394591918,0.254684470489317
"MS","M",18,"R","GT3","T",2,1,"other","other","other","mother",2,1,0,"no","no","no","yes","no","yes","yes","yes",4,4,3,1,3,5,5,7,6,7,-11631.5606,-11671.263,-11172.691,-11251.5063,-11230.6828,0.256619244534839,0.257720916450827,0.244025071549232,0.246170255677406,0.245602765694276
"GP","F",18,"R","LE3","T",1,1,"at_home","other","reputation","mother",2,4,0,"no","yes","yes","yes","yes","yes","no","no",5,2,2,1,1,3,1,12,12,12,-9443.3615,-9431.73279999999,-9649.1182,-9649.93350000002,-9664.8144,0.245949061104501,0.245571820445587,0.252661902855414,0.252688646015226,0.253176964325541
"GP","M",15,"R","GT3","T",4,4,"other","other","home","father",4,4,0,"no","yes","yes","yes","yes","yes","yes","yes",1,3,5,3,5,1,6,10,13,13,-9665.94739999999,-9645.75229999999,-9455.99210000001,-9459.80079999999,-9459.22219999998,0.254228098510184,0.253562256738378,0.247340134639935,0.247464412115506,0.247445530863826
"GP","F",16,"U","GT3","T",3,3,"other","other","home","father",1,2,0,"no","yes","yes","no","yes","yes","no","no",4,3,2,1,2,5,4,6,10,10,-9598.78170000001,-9603.4599,-9526.82770000001,-9523.862,-9524.9925,0.251414284659896,0.251567642839904,0.249060253726952,0.248963418572195,0.249000329551215
"GP","M",17,"U","LE3","T",4,4,"services","other","home","mother",1,2,0,"no","yes","yes","no","yes","yes","yes","yes",5,3,5,4,5,3,13,12,12,13,-9596.28369999997,-9573.25260000002,-9507.93509999998,-9505.93529999999,-9466.72610000002,0.252176427009586,0.25141903826459,0.249276016415802,0.249210520158407,0.247927749725905
"GP","M",18,"U","GT3","T",4,3,"teacher","other","course","mother",1,3,0,"no","yes","yes","no","yes","yes","yes","yes",5,4,5,2,3,5,0,10,10,9,-9968.3342,-9976.20669999998,-10550.1966,-10527.552,-10412.4728,0.240395294621482,0.24063083133557,0.258048395998982,0.257351990585385,0.253824760317194
"MS","F",18,"U","LE3","T",1,1,"at_home","services","course","father",2,3,0,"no","no","no","no","yes","yes","yes","no",5,3,2,1,1,4,0,18,16,16,-12011.7412,-11987.7511,-12351.365,-12302.9222,-12455.1592,0.244652277759846,0.24404440702081,0.253321977750505,0.252077983049488,0.255995717660536
"GP","M",18,"U","GT3","T",2,1,"other","other","home","mother",1,2,0,"no","no","no","yes","yes","yes","yes","no",5,2,4,1,2,4,8,15,14,14,-10109.7883,-10080.1473,-10328.2863,-10295.2221,-10248.6223,0.246867544218175,0.24596572210296,0.253555803070572,0.252539098918038,0.251108980168397
"GP","F",19,"U","LE3","T",3,2,"services","other","reputation","other",2,2,1,"no","yes","yes","no","no","yes","yes","yes",4,2,2,1,2,1,22,13,10,11,-9565.81860000004,-9509.66909999998,-9585.83090000002,-9546.83269999999,-9465.92219999998,0.251016967979818,0.249176405331246,0.251674276512827,0.250394009628937,0.247746145205407
"GP","F",18,"U","LE3","T",4,3,"other","other","home","other",2,2,0,"no","yes","yes","no","yes","yes","yes","yes",4,4,5,1,2,2,10,10,8,8,-10853.9516,-10893.8938,-11180.4647,-11183.9947,-11283.1366,0.243681826735845,0.244798088774782,0.252866009086916,0.252966042389199,0.255782069224367
"MS","M",18,"R","GT3","T",4,2,"other","other","home","father",2,1,1,"no","no","yes","no","yes","yes","no","no",5,4,3,4,3,3,14,6,5,5,-11825.596,-12040.384,-11607.5559,-11715.4245,-11974.9338,0.249810332218491,0.255506942265095,0.244080101936696,0.246908373949097,0.253765577764243
"GP","F",18,"R","GT3","T",1,1,"at_home","other","course","mother",3,1,3,"no","yes","no","yes","no","yes","no","no",5,2,5,1,5,4,6,9,8,10,-12234.2868,-11763.8232,-13198.1944,-12715.356,-12698.1771,0.242861599128881,0.231361756903726,0.267106972607434,0.254844937109929,0.254413036918323
"GP","F",18,"U","GT3","T",4,3,"other","other","reputation","father",1,4,0,"no","yes","yes","no","yes","yes","yes","no",4,3,3,1,1,3,0,14,13,14,-10265.9033,-10246.3321,-9716.61319999999,-9734.48979999999,-9801.76020000003,0.259901580830432,0.25927762952824,0.242621240302885,0.243176161737515,0.245268803669316
"MS","F",20,"U","GT3","T",4,2,"health","other","course","other",2,3,2,"no","yes","yes","no","no","yes","yes","yes",5,4,3,1,1,3,4,15,14,15,-16558.6936,-16039.1307,-14559.4884,-14284.5252,-14420.0722,0.279220834505663,0.268110757488476,0.237502662965761,0.231976808095986,0.234694675368752
"GP","F",15,"U","GT3","T",4,4,"services","at_home","course","mother",1,3,0,"no","yes","no","yes","yes","yes","yes","yes",4,3,3,1,1,5,0,11,0,0,-24073.9933,-24190.2772,-26692.657,-26616.4803,-26147.0824,0.232270207098528,0.233654278292657,0.264210922421328,0.26325840415554,0.257420549003181
"GP","F",17,"U","GT3","T",4,3,"health","services","reputation","mother",1,3,0,"no","yes","yes","no","yes","yes","yes","no",4,2,2,1,2,3,0,15,15,15,-11022.6173,-11000.3713,-10328.5513,-10344.7975,-10462.4402,0.261595200453043,0.260929486321688,0.241150985933502,0.241621953292774,0.245043037344931
"GP","F",17,"U","GT3","T",3,1,"services","services","course","father",1,3,0,"no","yes","no","no","no","yes","yes","no",3,4,3,2,3,5,1,12,14,15,-10994.358,-10970.091,-10601.9586,-10603.8665,-10702.2598,0.256409181809434,0.255698516412454,0.245015429688543,0.24507032772634,0.247908080806001
"MS","F",18,"U","GT3","T",1,1,"other","other","course","mother",2,2,1,"no","no","no","yes","yes","yes","no","no",1,1,1,1,1,5,0,6,5,0,-19089.8911,-19463.7633,-17598.5843999999,-17884.4948,-17671.2745999999,0.262880557391924,0.269416108188848,0.237467564820008,0.242260141468694,0.23868252610215
"MS","F",17,"U","GT3","T",2,2,"other","at_home","home","mother",1,3,0,"no","no","no","yes","yes","yes","no","yes",3,4,3,1,1,3,8,13,11,11,-9409.6374,-9408.00790000001,-9413.26990000002,-9410.00000000004,-9411.82889999997,0.249969734830627,0.24991562831034,0.250090366565217,0.249981775372217,0.250042509593389
"MS","F",18,"R","LE3","T",4,4,"teacher","services","course","mother",1,2,0,"no","no","yes","yes","yes","yes","yes","no",5,4,3,3,4,2,4,8,9,10,-9598.78170000001,-9603.4599,-9808.79039999999,-9809.89210000001,-9781.54140000003,0.246099362030004,0.24624884025248,0.25284509329718,0.252880673804435,0.251965702176575
"GP","M",17,"U","GT3","T",4,4,"services","teacher","home","mother",1,1,0,"no","no","no","no","yes","yes","yes","no",5,2,3,1,2,5,4,17,15,16,-11871.8822,-11837.7011,-11551.6057,-11515.5122,-11591.7265,0.255328263042681,0.254406108930179,0.246740492124819,0.245780056099176,0.247809832729291
"GP","F",15,"U","GT3","T",4,2,"health","services","home","mother",1,3,0,"no","yes","yes","yes","yes","yes","yes","yes",3,2,2,1,1,5,2,15,14,15,-10966.5078,-10940.2698,-10328.5513,-10344.7975,-10420.96,0.260892535746748,0.260105977115053,0.242042130278779,0.242515178107769,0.244737648312853
"GP","F",18,"R","GT3","T",3,1,"other","other","reputation","mother",1,2,1,"no","no","no","yes","yes","yes","yes","yes",5,3,3,1,1,4,16,9,8,7,-10203.7199,-10328.2694,-10190.8083,-10276.5971,-10468.3601,0.247278772537098,0.251054900166545,0.246888618565813,0.249485512760909,0.255329625634693
"GP","F",17,"R","LE3","T",4,4,"services","other","other","mother",1,1,0,"no","yes","yes","no","yes","yes","no","no",5,2,1,1,2,3,12,8,10,10,-9689.85800000001,-9705.10440000001,-9590.58169999999,-9592.17190000001,-9656.46599999999,0.251395198940316,0.251890390441115,0.248180335826524,0.248231701072921,0.250312019508879
"GP","F",18,"U","GT3","T",2,1,"other","other","course","other",2,3,0,"no","yes","yes","no","no","yes","yes","yes",4,4,4,1,1,3,0,7,0,0,-24073.9933,-24190.2772,-24518.3378999999,-24574.4027,-24196.3896,0.246964912304134,0.248454202478416,0.252675035111122,0.253399222582193,0.248532584624509
"GP","M",15,"U","LE3","T",4,2,"teacher","other","course","mother",1,1,0,"no","no","no","no","yes","yes","yes","no",3,5,2,1,1,3,10,18,19,19,-15816.6226,-15750.989,-15628.0508,-15567.6958,-15408.1223,0.253655017951697,0.252336830766543,0.249875180733813,0.248670202202647,0.24549550473225
"GP","M",18,"U","GT3","T",4,3,"teacher","other","course","mother",1,2,0,"no","yes","yes","no","no","yes","yes","no",4,3,2,1,1,3,2,8,8,8,-10652.3439,-10672.8992,-11180.4647,-11183.9947,-11075.3809,0.241479990151144,0.24205875471236,0.2565231733919,0.256624949803056,0.253500945674785
"GP","M",16,"R","GT3","T",4,4,"teacher","teacher","course","mother",1,1,0,"no","no","yes","yes","yes","yes","yes","no",3,5,5,2,5,4,8,18,18,18,-14296.9337,-14243.0591,-14035.015,-13982.6749,-13926.8071,0.254450178871546,0.25324852022301,0.248629682556409,0.247473022322332,0.24624076580139
"GP","F",15,"U","LE3","T",1,1,"at_home","other","other","mother",1,2,3,"yes","no","yes","no","yes","yes","yes","no",4,3,2,2,3,3,10,7,8,10,-12093.7116,-11626.5554,-12280.1573,-11866.7659,-11776.2803,0.254338021469967,0.242134576446373,0.259275723557279,0.248379749071266,0.246019878141919
"GP","M",19,"U","LE3","A",4,3,"services","at_home","reputation","mother",1,2,0,"no","yes","no","no","yes","yes","yes","no",4,3,1,1,1,1,12,11,11,11,-9429.17659999998,-9430.81239999999,-9474.28080000001,-9474.278,-9515.73590000001,0.248823062436997,0.248876972113135,0.250311230491346,0.250311137998059,0.251682131520534
"GP","M",17,"U","GT3","T",3,3,"services","services","other","mother",1,2,0,"no","yes","no","yes","yes","yes","yes","yes",4,3,4,2,3,4,12,12,12,11,-9429.17659999998,-9430.81239999999,-9399.68339999999,-9403.07890000004,-9433.5417,0.250329133238348,0.250383434640151,0.249350896532615,0.249463441219253,0.250474045957444
"GP","F",16,"U","GT3","A",3,3,"other","other","course","other",2,1,2,"no","yes","no","yes","no","yes","yes","yes",4,3,2,1,1,5,0,4,0,0,-15159.6516999999,-15669.1396,-16040.2194,-16532.9884,-16151.2835,0.235421601300012,0.24527431791642,0.252549925823764,0.262343878426389,0.254744073203837
"GP","F",15,"R","GT3","T",2,2,"at_home","other","reputation","mother",1,1,0,"yes","yes","yes","yes","yes","yes","no","no",4,3,1,1,1,2,8,14,13,13,-9644.0051,-9622.7601,-10189.4964,-10162.9159,-10096.7217,0.240667563053877,0.240010144279274,0.257789621068174,0.256944357974636,0.254844303620387
"MS","M",18,"R","LE3","T",1,2,"at_home","services","other","father",3,1,0,"no","yes","yes","yes","yes","no","yes","yes",4,3,3,2,3,3,3,14,12,12,-9431.96600000003,-10113.2334,-9654.91660000001,-10380.1606,-10462.4335,0.232252971695735,0.25327738392324,0.23905531259092,0.261711885162602,0.264334522108923
"GP","M",15,"R","GT3","T",4,3,"teacher","at_home","course","mother",1,2,0,"no","yes","no","yes","yes","yes","yes","yes",4,5,2,1,1,5,0,17,16,16,-12011.7412,-11987.7511,-11315.0773,-11310.6124,-11485.7416,0.260562998618388,0.259907340502216,0.241796616465937,0.241678145080369,0.246342021785567
"GP","M",15,"U","GT3","T",4,4,"services","other","course","mother",1,1,0,"no","yes","no","yes","no","yes","yes","no",5,3,3,1,1,5,4,10,13,14,-10184.5786,-10159.5996,-10005.0887,-9985.52179999997,-10026.7223,0.25349318605519,0.252714342333484,0.247918128758406,0.247313366132958,0.248587450763069
"MS","M",20,"U","LE3","A",2,2,"services","services","course","other",1,2,2,"no","yes","yes","no","yes","yes","no","no",5,5,4,4,5,4,11,9,9,9,-9718.30589999999,-9606.75509999998,-9955.9641,-9849.74989999998,-9780.80590000002,0.24795850563649,0.244416681780586,0.255571979545707,0.252157915997332,0.249951755363905
"MS","F",17,"R","GT3","T",4,4,"teacher","services","other","father",2,2,0,"no","yes","yes","yes","yes","yes","yes","no",4,3,3,1,2,5,4,12,13,13,-9689.5262,-9670.55990000002,-9507.93509999998,-9505.93529999999,-9522.76200000001,0.253604769592033,0.252982780749516,0.247674822120046,0.247609829955227,0.248156897764764
"GP","F",17,"U","GT3","T",4,4,"teacher","services","course","mother",1,3,0,"no","yes","yes","yes","yes","yes","yes","no",5,4,4,1,3,4,7,10,9,9,-10086.383,-10106.2193,-10550.1966,-10527.552,-10551.7408,0.241672738146172,0.242263165518745,0.255626657667096,0.254938112314156,0.255673639062758
"GP","M",17,"R","LE3","T",1,2,"other","other","reputation","mother",1,1,0,"no","no","no","no","yes","yes","no","no",2,2,2,3,3,5,8,16,12,13,-9644.0051,-9622.7601,-10456.5349,-10409.8986,-10325.6506,0.236286706197938,0.235643527294479,0.261398247997371,0.259929371882395,0.257284515923721
"GP","M",15,"U","GT3","T",4,3,"teacher","other","home","mother",1,2,0,"no","yes","yes","yes","yes","yes","yes","no",4,3,3,2,3,5,6,9,9,10,-9619.10439999998,-9626.1373,-9808.79039999999,-9809.89210000001,-9806.27109999999,0.246321016348355,0.246545512764068,0.252404420922003,0.25243992692265,0.252323235541922
"GP","F",18,"U","GT3","T",2,2,"at_home","services","home","mother",1,3,0,"no","yes","yes","yes","yes","yes","yes","yes",4,3,3,1,1,3,0,9,10,0,-24073.9933,-24190.2772,-24518.3378999999,-24574.4027,-24196.3896,0.246964912304134,0.248454202478416,0.252675035111122,0.253399222582193,0.248532584624509
"GP","M",16,"U","GT3","T",3,2,"other","other","home","mother",1,1,0,"no","yes","yes","no","no","yes","yes","no",5,4,3,1,1,5,0,12,14,15,-11022.6173,-11000.3713,-10976.9719,-10926.264,-11084.0454,0.250584349208942,0.249952207342736,0.2492879797466,0.247850978533691,0.252333213841312
"GP","F",17,"R","GT3","T",2,1,"at_home","services","reputation","mother",2,2,0,"no","yes","no","yes","yes","yes","yes","no",4,2,5,1,2,5,2,6,6,6,-12654.1927,-12696.5495,-12464.5498,-12528.5639,-12412.4944,0.252567819554342,0.253627647275816,0.247844572595885,0.249434920349187,0.246554304951441
"GP","F",16,"U","GT3","T",4,4,"health","other","home","mother",1,1,0,"no","yes","no","no","yes","yes","yes","no",4,4,4,1,2,2,4,14,14,14,-10184.5786,-10159.5996,-10005.0887,-9985.52179999997,-10026.7223,0.25349318605519,0.252714342333484,0.247918128758406,0.247313366132958,0.248587450763069
"GP","F",17,"U","GT3","T",2,2,"at_home","at_home","course","mother",1,3,0,"no","yes","yes","yes","yes","yes","yes","no",4,3,3,1,1,4,4,9,10,10,-9598.78170000001,-9603.4599,-9599.22079999999,-9605.20000000002,-9595.90570000002,0.249943627954352,0.250095909779488,0.249957919683735,0.250152561888741,0.249850028624201
"GP","M",22,"U","GT3","T",3,1,"services","services","other","mother",1,1,3,"no","no","no","no","no","no","yes","yes",5,4,5,5,5,1,16,6,8,8,-10235.1797,-11167.2811,-10103.8263,-10815.2456,-10694.077,0.23924910759429,0.266851305024402,0.235455753628733,0.256283229556307,0.252686429761558
"GP","F",17,"U","LE3","T",0,2,"at_home","at_home","home","father",2,3,0,"no","no","no","no","yes","yes","yes","no",3,3,3,2,3,2,0,16,15,15,-11022.6173,-11000.3713,-11707.9433,-11642.9941,-11762.0713,0.239032950956968,0.238435505351114,0.257724957798103,0.255929335964349,0.25922533791764
"GP","M",16,"U","GT3","T",3,3,"other","services","home","father",2,1,0,"no","no","no","yes","yes","yes","yes","no",5,4,2,1,1,5,0,13,14,13,-9741.5904,-9725.63660000002,-9714.30910000003,-9691.2694,-9766.63879999999,0.250440305139816,0.249927652286775,0.249563914167215,0.248824737613058,0.251246049117808
"MS","M",17,"U","GT3","T",2,3,"other","services","home","father",2,2,0,"no","no","no","yes","yes","yes","yes","no",4,4,3,1,1,3,2,11,11,10,-9580.09719999999,-9582.5989,-9522.6414,-9537.54579999999,-9512.8742,0.251079318892038,0.251161352077414,0.249198243217857,0.249685662640589,0.24887903210588
"GP","M",15,"U","GT3","T",2,3,"other","other","home","mother",1,3,0,"yes","no","yes","no","no","yes","yes","no",5,3,2,1,2,5,4,11,10,11,-9396.63100000001,-9392.4881,-9395.53309999999,-9396.88769999998,-9394.28880000003,0.250048739066082,0.249910943254469,0.250012219169452,0.250057278090939,0.249970832089295
"MS","F",17,"R","GT3","T",3,1,"at_home","other","reputation","mother",1,2,0,"no","yes","yes","yes","no","yes","yes","no",4,5,4,2,3,1,17,10,10,10,-9760.05620000001,-9783.41380000001,-9641.90030000003,-9651.89420000002,-9790.72970000001,0.251108155004261,0.251860457733249,0.247316397604019,0.247636223223976,0.252096274700294
"GP","M",17,"U","GT3","T",3,3,"health","other","home","mother",1,1,0,"no","yes","yes","no","yes","yes","yes","no",4,4,3,1,3,5,4,14,12,11,-9396.63100000001,-9392.4881,-9388.54180000002,-9393.44829999998,-9389.7613,0.250148309271642,0.25001044761512,0.249879156412257,0.250042397106501,0.249919725553378
"GP","M",16,"U","GT3","T",4,4,"teacher","teacher","course","mother",1,1,0,"no","yes","no","no","yes","no","yes","yes",3,3,2,2,1,5,0,7,6,0,-24073.9933,-20336.7769,-25412.3153,-22224.6143,-21603.0268,0.268752748767631,0.217939300237337,0.287996065722456,0.243088257182735,0.234693825559344
"GP","F",15,"U","GT3","A",4,3,"services","services","reputation","mother",1,2,0,"no","yes","yes","yes","yes","yes","yes","no",4,3,2,1,1,1,0,14,15,15,-11022.6173,-11000.3713,-10478.4763,-10474.7588,-10608.6521,0.258976325234245,0.258318640293208,0.243084006587003,0.242976812148294,0.246849331715481
"GP","F",16,"U","GT3","T",4,3,"other","at_home","course","mother",1,3,0,"yes","yes","yes","no","yes","yes","yes","no",5,3,5,1,1,3,0,7,9,8,-10606.026,-10622.1993,-11406.9193,-11378.0398,-11223.8999,0.237637788660727,0.238086443571467,0.260252711802477,0.259422883688221,0.255012220838082
"MS","M",18,"R","GT3","T",1,3,"at_home","other","course","mother",2,2,0,"no","yes","yes","no","yes","yes","no","no",3,3,4,2,4,3,4,10,10,10,-9598.78170000001,-9603.4599,-9417.19070000001,-9419.5744,-9420.4696,0.253528938161636,0.253683847727834,0.247545344646695,0.247623519765176,0.24765288100964
"GP","F",16,"U","GT3","T",3,3,"other","other","home","mother",1,3,0,"no","yes","yes","no","yes","yes","yes","yes",4,3,3,1,3,4,0,7,7,8,-10606.026,-10622.1993,-11034.2769,-11029.5399,-10899.3854,0.243338953754964,0.243800492660552,0.255676678061317,0.255538868045243,0.251764178155966
"GP","M",18,"U","GT3","T",4,2,"health","other","reputation","father",1,2,0,"no","yes","yes","yes","yes","yes","yes","yes",5,4,5,1,3,5,10,10,9,10,-9664.64229999998,-9676.96239999997,-9808.79039999999,-9809.89210000001,-9860.08550000001,0.246825744310467,0.247218173527409,0.251432775132528,0.251468117006485,0.253080411070482
"GP","M",16,"U","GT3","T",4,3,"teacher","other","home","mother",1,2,0,"no","yes","yes","yes","yes","yes","yes","no",3,4,3,2,3,3,10,9,8,8,-10853.9516,-10893.8938,-11180.4647,-11183.9947,-11283.1366,0.243681826735845,0.244798088774782,0.252866009086916,0.252966042389199,0.255782069224367
"GP","F",15,"U","GT3","T",4,4,"services","services","course","mother",1,1,0,"yes","yes","yes","no","yes","yes","yes","no",3,3,4,2,3,5,0,8,10,11,-9390.16140000001,-9384.2477,-9441.97429999999,-9447.74210000004,-9423.04649999999,0.249095651101841,0.248899730570766,0.250814841649775,0.251006514314927,0.250186254822244
"GP","F",17,"U","GT3","T",1,1,"services","teacher","reputation","mother",1,3,0,"no","yes","yes","no","yes","yes","yes","no",4,3,3,1,1,3,6,13,12,12,-9417.93320000002,-9405.87939999999,-9517.8536,-9508.86600000001,-9498.98170000001,0.248287390775677,0.247890839239451,0.251584348255527,0.251287082217216,0.250960320711158
"GP","F",16,"U","GT3","T",4,3,"teacher","other","other","mother",1,2,0,"no","no","yes","yes","yes","yes","yes","yes",1,3,2,1,1,1,10,11,12,13,-9623.68520000002,-9601.59680000002,-9507.93509999998,-9505.93529999999,-9482.13630000004,0.252606051716613,0.251880230962727,0.248811847280527,0.248746497265154,0.247969311683803
"GP","M",16,"U","GT3","T",2,1,"other","other","course","mother",3,1,0,"no","no","no","no","yes","yes","yes","no",4,3,3,1,1,4,6,18,18,18,-14392.0457000001,-14345.1931,-15267.8711,-15132.8822,-15124.5359,0.240386333082873,0.239416408021845,0.258800913545104,0.255927157946885,0.255749905651599
"GP","F",16,"U","GT3","T",4,2,"services","other","course","mother",1,2,0,"no","yes","no","no","yes","yes","yes","no",4,2,3,1,1,5,2,15,16,16,-11940.9955,-11911.8156,-11315.0773,-11310.6124,-11428.1065,0.259781063112054,0.258981835980356,0.242856959194085,0.242737866725966,0.245879413132878
"GP","F",17,"U","GT3","T",2,2,"other","other","course","mother",1,2,0,"no","yes","no","no","no","yes","yes","no",5,4,5,1,2,5,4,10,9,11,-9396.63100000001,-9392.4881,-9372.7191,-9375.52729999998,-9374.4263,0.250475562402495,0.250337484274795,0.249679025768796,0.249772517987238,0.249735861191431
"GP","M",16,"U","GT3","T",3,3,"services","other","home","father",1,3,0,"no","yes","no","yes","yes","yes","yes","no",5,3,3,1,1,5,2,16,18,18,-14587.1691,-14554.9249,-13930.0098,-13935.831,-14078.3909,0.258183838092904,0.25746619921012,0.243717769080355,0.243844450921262,0.246954936174955
"GP","M",15,"U","GT3","T",3,4,"services","services","home","father",1,1,0,"yes","no","no","no","yes","yes","yes","no",5,5,5,3,2,5,0,13,13,12,-9449.67070000001,-9438.27110000002,-9434.31670000003,-9425.2153,-9459.26189999996,0.250275562997283,0.249898194166993,0.249767342144543,0.249466278757802,0.250593243672904
"GP","F",16,"R","GT3","T",3,3,"services","other","reputation","father",1,3,1,"yes","yes","no","yes","yes","yes","yes","no",4,1,2,1,1,2,0,7,10,10,-9473.97220000002,-9438.2667,-9385.08720000001,-9383.0127,-9391.4459,0.251982005602055,0.25079416439356,0.249029175347615,0.248960425136696,0.249239953755405
"GP","M",15,"U","GT3","T",4,2,"other","other","course","mother",1,4,0,"no","no","no","no","yes","yes","yes","no",3,3,3,1,1,3,0,10,10,10,-9563.04750000002,-9563.55699999999,-10079.4468,-10041.4785,-9964.46720000002,0.24119296023215,0.241208910110965,0.257571938155975,0.256352963517703,0.253887754230077
"GP","F",19,"U","LE3","T",1,1,"at_home","other","reputation","other",1,2,1,"yes","yes","no","yes","no","yes","yes","no",4,4,3,1,3,3,18,12,10,10,-9407.06880000001,-9393.0192,-9535.9355,-9495.57940000001,-9445.89600000001,0.248401424941831,0.247938450636818,0.252664029810699,0.251326018520579,0.249682679979706
"GP","F",18,"U","GT3","A",4,4,"at_home","teacher","course","mother",2,2,0,"yes","no","no","no","yes","yes","no","no",4,3,4,1,1,3,6,5,6,6,-12810.2662000001,-12866.7278,-12870.3018,-12829.7462000001,-12886.5239,0.248968798399533,0.250340843437993,0.250427794875165,0.249441831752582,0.250822612559126
"GP","M",15,"U","GT3","T",4,3,"teacher","services","course","father",2,4,0,"yes","yes","no","no","yes","yes","yes","no",2,2,2,1,1,3,0,7,9,0,-24073.9933,-24190.2772,-27382.0799,-27209.4624,-26766.3406,0.228085390377165,0.22943988167404,0.267821402730115,0.265684478498861,0.260231676473612
"GP","F",17,"U","GT3","T",3,4,"at_home","services","home","mother",1,3,1,"no","yes","yes","no","yes","yes","yes","yes",4,4,3,3,4,5,28,10,9,9,-9547.70730000001,-9605.7136,-9472.98660000001,-9494.59260000004,-9724.67329999998,0.24930063583716,0.251195703401341,0.246867951920427,0.247570404847627,0.255100161970829
"MS","F",18,"U","GT3","T",3,3,"services","services","other","mother",2,2,0,"no","yes","no","no","yes","yes","yes","yes",4,3,2,1,3,3,0,11,11,10,-9563.04750000002,-9563.55699999999,-9641.90030000003,-9651.89420000002,-9597.68249999999,0.248681290985207,0.248697835283335,0.251246997447469,0.251572931251368,0.249806945003356
"GP","M",15,"U","LE3","T",4,4,"teacher","other","home","other",1,1,0,"no","yes","no","no","no","yes","yes","yes",5,4,3,2,4,5,8,12,12,12,-9410.61840000002,-9398.7174,-9395.4506,-9392.7093,-9390.6991,0.250431754827063,0.250035862429947,0.249927234628431,0.249836095347139,0.249769271201752
"GP","M",18,"U","LE3","T",4,4,"teacher","teacher","home","mother",1,1,0,"no","yes","yes","no","yes","yes","yes","yes",1,4,2,2,2,1,5,16,15,16,-11837.9376,-11801.324,-11551.6057,-11515.5122,-11562.7249,0.254956711533685,0.253967886961952,0.247265072434197,0.246302191085971,0.247562003815775
"GP","F",19,"R","GT3","A",3,1,"services","at_home","home","other",1,3,1,"no","no","yes","no","yes","yes","no","no",5,4,3,1,2,5,12,14,13,13,-10798.3291,-10649.2396,-10953.8832,-10894.0987,-10726.2745,0.249825444475847,0.245529277935252,0.254339601958086,0.2526008118063,0.247745423059709
"GP","M",18,"U","GT3","T",3,2,"services","other","course","mother",2,1,1,"no","no","no","no","yes","no","yes","no",4,4,5,2,4,5,0,6,8,8,-9537.94300000001,-9510.99130000002,-9614.1886,-9502.02430000002,-9496.93210000001,0.250181221810394,0.249298035746713,0.252686507007864,0.249004470774479,0.248837821854385
"GP","F",17,"U","GT3","T",3,4,"services","other","course","mother",1,3,0,"no","no","no","no","yes","yes","yes","no",4,4,5,1,3,5,16,16,15,15,-10619.46,-10570.4836,-10601.9586,-10603.8665,-10397.8462,0.251800184856816,0.250348168753651,0.251280929210641,0.251337514494399,0.24525669704392
"GP","F",15,"R","GT3","T",2,4,"services","health","course","mother",1,3,0,"yes","yes","yes","yes","yes","yes","yes","no",4,3,2,1,1,5,2,10,9,8,-10652.3439,-10672.8992,-10709.2721,-10724.6911,-10658.2241,0.249089731175921,0.249690402499958,0.250754715873571,0.251206441091496,0.24926150465052
"GP","F",16,"U","GT3","T",2,3,"services","services","course","mother",1,2,0,"no","no","no","no","yes","yes","yes","no",4,3,3,1,1,2,10,11,12,13,-9623.68520000002,-9601.59680000002,-9775.53599999999,-9754.3638,-9703.85479999999,0.2478073418437,0.247098029345722,0.252705568223574,0.252020314198342,0.250388576425152
"GP","M",15,"U","GT3","T",4,4,"services","services","reputation","mother",2,2,0,"no","yes","no","yes","yes","yes","yes","no",4,3,1,1,1,5,0,17,16,17,-13233.2555,-13208.4652,-12385.9038,-12380.7592,-12597.0467,0.261670682073039,0.261052518620228,0.240879382191745,0.240755242787046,0.245995787990473
"GP","F",16,"U","GT3","T",2,1,"other","other","home","mother",1,1,0,"no","no","no","no","yes","yes","yes","yes",4,5,2,1,1,5,20,13,12,12,-9401.03839999998,-9393.98390000001,-9520.80139999998,-9501.37159999999,-9445.9562,0.248296717490921,0.248064177148695,0.252257778722687,0.251613446854501,0.249779395988153
"GP","M",15,"U","GT3","T",4,3,"teacher","other","course","mother",2,2,0,"no","yes","yes","no","yes","yes","yes","no",5,4,3,1,2,3,2,10,10,11,-9392.57889999999,-9387.459,-9474.28080000001,-9474.278,-9451.03499999999,0.248566061759651,0.248396912093916,0.251271519130724,0.251271426211286,0.25050057056588
"GP","M",15,"U","LE3","A",4,4,"teacher","teacher","course","mother",1,1,0,"no","no","no","yes","yes","yes","yes","no",5,5,3,1,1,4,6,18,19,19,-16034.4712,-15985.0975,-15628.0508,-15567.6958,-15598.489,0.255410027603495,0.254423468413645,0.247335038902401,0.246144722089897,0.246751739289356
"GP","F",17,"U","GT3","T",4,3,"health","other","reputation","mother",1,3,0,"no","yes","yes","yes","yes","yes","yes","yes",4,4,3,1,3,4,0,13,15,15,-11022.6173,-11000.3713,-10328.5513,-10344.7975,-10462.4402,0.261595200453043,0.260929486321688,0.241150985933502,0.241621953292774,0.245043037344931
"GP","M",19,"U","GT3","T",1,2,"other","services","course","other",1,2,1,"no","no","no","no","no","yes","yes","no",4,5,2,2,2,4,3,13,11,11,-9748.29819999999,-9677.55910000001,-9920.6101,-9838.17029999999,-9874.1471,0.247982130040588,0.245740423970603,0.253476565426032,0.250841819421263,0.251990261479437
"GP","F",19,"U","GT3","T",2,1,"at_home","other","other","other",3,2,0,"no","yes","no","no","yes","no","yes","yes",3,4,1,1,1,2,20,14,12,13,-9546.62509999998,-10372.4589,-9775.53599999999,-10658.9772,-10428.1098,0.231517064114283,0.256685273488174,0.238391826439977,0.265659322113223,0.25841834492019
"GP","M",17,"R","LE3","A",4,4,"teacher","other","course","mother",2,2,0,"no","yes","yes","no","yes","yes","yes","no",3,3,3,2,3,4,2,10,11,12,-9437.46160000002,-9425.6522,-9373.9982,-9372.9597,-9378.01879999998,0.251326325988645,0.250932916673836,0.249215058155212,0.249180569112895,0.249348602012901
"GP","M",18,"U","GT3","T",2,2,"other","other","home","mother",2,2,0,"no","yes","yes","no","yes","yes","yes","no",3,3,3,5,5,4,0,12,13,13,-9741.5904,-9725.63660000002,-9775.53599999999,-9754.3638,-9824.4512,0.249273119011942,0.24876333071238,0.250359204141613,0.249681580827947,0.251927565084103
"GP","M",18,"U","GT3","T",2,1,"services","services","reputation","mother",1,3,0,"no","no","yes","yes","yes","yes","yes","no",4,2,4,1,3,2,6,15,14,14,-10146.3624,-10118.9628,-10189.7928,-10177.7242,-10160.2932,0.249622827376726,0.248781036052347,0.250959456722167,0.250587742418327,0.250051255336502
"GP","M",18,"U","GT3","T",2,2,"services","other","home","mother",1,2,1,"no","yes","yes","yes","yes","yes","yes","no",4,4,4,2,4,5,15,6,7,8,-9692.49970000001,-9766.15930000002,-9554.93100000005,-9606.17289999999,-9705.04080000002,0.250891059979234,0.253280670313192,0.246452472875931,0.248102081646957,0.251297265214438
"GP","M",15,"U","LE3","T",2,2,"services","health","reputation","mother",1,4,0,"no","yes","no","yes","yes","yes","yes","no",4,3,4,1,1,4,6,11,13,14,-10146.3624,-10118.9628,-10084.1466,-10088.8734,-10066.4497,0.251406255681511,0.250557244306475,0.249480080704199,0.249626212283691,0.248933274846271
"GP","M",16,"U","LE3","T",4,3,"services","other","reputation","mother",1,2,0,"no","yes","yes","yes","yes","yes","yes","no",5,4,2,1,2,5,10,15,15,15,-10758.3942,-10718.0419,-10478.4763,-10474.7588,-10401.2397,0.255710735744981,0.254507521204504,0.247411427441293,0.247301945069746,0.245140709457113
"GP","M",16,"U","GT3","T",3,3,"at_home","other","reputation","other",3,2,0,"yes","yes","no","no","no","yes","yes","no",5,3,3,1,3,2,6,7,10,10,-9619.10439999998,-9626.1373,-9641.90030000003,-9651.89420000002,-9653.8237,0.249369144261828,0.249596975087533,0.25010791949262,0.250432079858342,0.250494684140544
"GP","F",19,"U","GT3","T",3,3,"other","services","home","other",1,2,2,"no","yes","yes","yes","yes","yes","yes","no",4,3,5,3,3,5,15,9,9,9,-9677.2036,-9572.94349999998,-9579.5359,-9522.50059999997,-9481.5772,0.253618363660965,0.250202274168356,0.250417723141478,0.248556182967846,0.247223920778269
"GP","M",15,"U","LE3","T",3,3,"other","other","course","mother",1,2,0,"no","no","no","yes","no","yes","yes","no",5,3,2,1,1,2,0,8,10,12,-9449.67070000001,-9438.27110000002,-9391.69319999998,-9388.55370000001,-9411.7849,0.251118645659374,0.25073975067945,0.249193996126179,0.249089944738325,0.249860299229094
"GP","M",16,"U","LE3","T",2,1,"other","other","course","mother",1,2,0,"no","no","yes","yes","yes","yes","yes","yes",4,2,3,1,2,5,0,15,15,15,-11022.6173,-11000.3713,-11115.2494,-11070.3783,-11211.7166,0.248269919995614,0.247644772840146,0.250879775455112,0.249614196899313,0.25360930828319
"GP","M",16,"R","GT3","T",2,1,"other","other","course","mother",2,1,0,"no","no","no","yes","no","yes","no","no",3,3,2,1,3,3,0,8,9,8,-10606.026,-10622.1993,-10091.4845,-10120.1877,-10056.9274,0.259374389479096,0.259872699604617,0.243724225003594,0.244587003315001,0.24268707228342
"GP","F",18,"R","GT3","T",4,4,"teacher","other","reputation","mother",2,2,0,"no","no","yes","yes","yes","yes","yes","no",4,3,4,2,2,4,8,12,10,11,-9409.6374,-9408.00790000001,-9474.28080000001,-9474.278,-9485.49430000003,0.248655521167306,0.248601755687649,0.250792176964473,0.250792084257823,0.251163560809121
"MS","F",18,"R","GT3","T",4,4,"teacher","at_home","reputation","mother",3,1,0,"no","yes","yes","yes","yes","yes","yes","yes",4,4,3,2,2,5,7,6,5,6,-12850.2997,-12910.4073,-13187.8884,-13237.301,-13248.061,0.244378201556717,0.245802259661043,0.252418768577593,0.25360438604646,0.253862861690731
"GP","F",16,"U","LE3","T",2,2,"other","other","home","mother",2,2,1,"no","yes","no","yes","no","yes","yes","yes",3,3,3,1,2,3,25,7,10,11,-9550.4789,-9498.17499999998,-9729.40780000001,-9670.6776,-9537.63909999999,0.248478090125093,0.246781459276948,0.254317256369484,0.252394642355074,0.248061165948294
"GP","M",17,"U","GT3","T",1,2,"at_home","services","other","other",2,2,0,"no","no","yes","yes","no","yes","yes","no",4,4,4,4,5,5,12,7,8,8,-10908.438,-10953.6982,-10268.9302,-10320.1882,-10460.4991,0.259704211874873,0.261063056175232,0.240812623488686,0.242305913831696,0.246412012991484
"GP","F",16,"U","LE3","T",4,3,"teacher","services","course","mother",3,2,0,"no","yes","no","yes","yes","yes","yes","no",5,4,3,1,2,1,2,16,15,15,-10966.5078,-10940.2698,-10478.4763,-10474.7588,-10564.2629,0.258292142244934,0.257515024630752,0.243993044041446,0.243885370091055,0.246482962428054
"GP","M",16,"U","LE3","T",2,1,"at_home","other","course","mother",1,1,1,"no","no","no","yes","yes","yes","no","yes",4,4,4,3,5,5,6,12,13,14,-11922.2454,-11740.1193,-12912.3198,-12721.0887,-12672.3619,0.238226265363007,0.233736473818661,0.263216903460577,0.25831170861853,0.257067920379023
"GP","F",16,"U","GT3","T",2,1,"other","other","course","mother",1,2,0,"no","yes","yes","no","yes","yes","no","yes",4,3,5,1,1,5,2,8,9,10,-9580.09719999999,-9582.5989,-9448.1968,-9449.892,-9443.95849999999,0.252608742860203,0.252691376670431,0.24826731913715,0.2483229247349,0.248128316975407
"GP","M",18,"R","LE3","T",3,2,"services","other","reputation","mother",2,3,0,"no","yes","yes","yes","yes","yes","yes","no",5,4,2,1,1,4,8,14,13,14,-10109.7883,-10080.1473,-9961.05350000001,-9961.79720000003,-9925.19270000002,0.253199259038801,0.25226962703284,0.248548344857442,0.248571514365174,0.247432143600556
"GP","F",15,"U","GT3","T",2,2,"other","other","course","mother",1,4,0,"yes","yes","yes","no","yes","yes","yes","no",5,1,2,1,1,3,8,7,8,8,-10801.0978,-10835.9176,-10926.2229,-10913.5644,-10996.3354,0.24732294909519,0.248318235575981,0.250906932209058,0.250543416130814,0.252924196746418
"GP","M",18,"U","GT3","T",4,2,"teacher","other","home","mother",1,2,0,"no","yes","yes","yes","yes","yes","yes","yes",4,3,2,1,4,5,11,12,11,11,-9423.6756,-9424.43069999998,-9474.28080000001,-9474.278,-9507.62580000003,0.248773034053647,0.248797927189815,0.2504435175924,0.250443425040439,0.251546684736481
"GP","M",15,"R","GT3","T",3,2,"other","other","course","mother",2,2,2,"yes","yes","no","no","yes","yes","yes","yes",4,4,4,1,4,3,6,5,9,7,-9416.4497,-9439.06450000002,-9465.85790000003,-9520.3399,-9513.27250000002,0.248202777193177,0.248947262785658,0.249830459274826,0.251630218828591,0.251396461661143
"GP","M",16,"U","GT3","T",4,4,"health","other","course","mother",1,1,0,"no","yes","no","yes","yes","yes","yes","no",3,4,4,1,4,5,18,14,11,13,-9558.77310000001,-9535.1187,-9583.15589999998,-9571.97109999998,-9500.7024,0.250288970961682,0.249515056449953,0.251087721011143,0.250721194280121,0.248390748261495
"GP","M",16,"R","GT3","T",3,3,"services","services","reputation","mother",1,1,0,"no","yes","no","yes","yes","yes","yes","no",4,3,2,3,4,5,8,8,9,10,-9641.05929999998,-9650.6403,-9576.99060000003,-9595.97999999999,-9613.2639,0.250828386807347,0.25114025333733,0.24874690668295,0.249363116412012,0.249924511246687
"GP","M",17,"U","LE3","A",3,2,"teacher","services","home","mother",1,1,1,"no","no","no","no","yes","yes","yes","no",4,4,4,3,4,3,19,11,9,10,-9407.22979999999,-9394.82639999998,-9419.23330000002,-9401.3007,-9395.5227,0.250119886177307,0.249707754797019,0.25051898886902,0.249922844339266,0.249730883760364
"GP","F",18,"U","LE3","T",2,1,"services","at_home","reputation","mother",1,2,1,"no","no","no","no","yes","yes","yes","yes",5,4,3,1,1,5,12,12,12,13,-10798.3291,-10649.2396,-11016.8363,-10885.1427,-10750.9602,0.24937149582875,0.245084666492922,0.255707925784115,0.251881307715989,0.248006283119766
"GP","F",16,"U","GT3","T",3,2,"other","other","reputation","mother",1,2,0,"no","yes","yes","no","yes","yes","yes","no",1,2,2,1,2,1,14,12,13,12,-9398.47939999998,-9388.16100000001,-9391.69319999998,-9388.55370000001,-9377.74270000001,0.250318055241593,0.249974538341185,0.25009210997314,0.249987608529809,0.249627887056802
"MS","M",19,"R","GT3","T",1,1,"other","services","other","mother",2,1,1,"no","no","no","no","yes","yes","no","no",4,3,2,1,3,5,0,6,5,0,-19089.8911,-19463.7633,-17160.309,-17502.4283,-17271.0488,0.267374598434047,0.274046121903697,0.234024005152854,0.239808527428046,0.235890466587963
"GP","M",15,"U","LE3","T",4,3,"teacher","services","home","mother",1,3,0,"no","yes","no","yes","yes","yes","yes","no",5,4,3,1,1,4,2,15,16,18,-14587.1691,-14554.9249,-13379.7314,-13416.3737,-13568.1339,0.265611638344699,0.264869007060075,0.238384848157278,0.239193856929755,0.242555786891609
"GP","F",17,"U","GT3","A",2,2,"at_home","at_home","home","father",1,2,1,"no","yes","no","no","yes","yes","yes","yes",3,3,1,1,2,4,0,9,8,0,-19089.8911,-19463.7633,-19395.4337,-19743.0631,-19369.1105,0.24483205762706,0.250829778038309,0.249729310810927,0.255348203365927,0.249305884839497
"GP","F",16,"U","GT3","T",2,2,"at_home","other","home","mother",1,2,1,"yes","no","no","yes","yes","yes","yes","no",3,1,2,1,1,5,6,10,13,13,-10952.3217,-10806.7887,-11016.8363,-10885.1427,-10887.0497,0.251224139222126,0.247061158404473,0.253078488154046,0.249299031158568,0.24935359721006
"GP","M",17,"U","LE3","T",4,3,"health","other","course","mother",2,2,0,"no","no","no","yes","yes","yes","yes","yes",2,5,5,1,4,5,14,12,12,12,-9398.47939999998,-9388.16100000001,-9373.9982,-9372.9597,-9380.5629,0.250521353979497,0.250177502264151,0.24970584704174,0.24967127650403,0.249924423046857
"GP","M",18,"U","GT3","T",4,4,"teacher","services","home","father",1,2,1,"no","yes","no","yes","yes","yes","yes","no",4,3,3,2,2,2,0,10,10,0,-19089.8911,-19463.7633,-21186.3348,-21448.5344999999,-20988.1167,0.229758550681439,0.235317207941737,0.261590997132872,0.265688563615859,0.258510879906541
"GP","F",18,"U","GT3","T",3,3,"services","services","home","mother",1,2,0,"no","no","no","yes","yes","yes","yes","no",5,3,4,1,1,4,0,7,0,0,-24073.9933,-24190.2772,-24946.2613000001,-25026.184,-24580.1252,0.2438049323141,0.245271418449235,0.254890298764625,0.255915900023046,0.250213222213603
"GP","F",16,"U","GT3","T",2,2,"other","other","reputation","mother",1,4,0,"no","no","yes","no","yes","yes","yes","yes",5,2,3,1,3,3,0,11,11,11,-9390.16140000001,-9384.2477,-9451.18239999999,-9446.89529999999,-9432.5382,0.248977737254763,0.24878192793763,0.251001803465339,0.250859386147369,0.250382679807588
"GP","M",18,"R","LE3","A",3,4,"other","other","reputation","mother",2,2,0,"no","yes","yes","yes","yes","yes","yes","no",4,2,5,3,4,1,13,17,17,17,-12707.4968,-12644.5222,-12865.0613,-12830.3351,-12581.4771,0.249551227442102,0.248007813484753,0.25342967612736,0.252572824046378,0.24646648613673
"GP","M",15,"R","GT3","T",2,3,"at_home","services","course","mother",1,2,0,"yes","no","yes","yes","yes","yes","no","no",4,4,4,1,1,1,2,11,8,8,-10652.3439,-10672.8992,-10219.1956,-10228.2562,-10201.1572,0.257791749721275,0.258417747063652,0.244743855095539,0.245014018353011,0.244206346380587
"MS","F",18,"U","LE3","T",3,1,"teacher","services","course","mother",1,2,0,"no","yes","yes","no","yes","yes","yes","no",4,3,4,1,1,1,0,7,9,8,-10606.026,-10622.1993,-10828.9987,-10852.405,-10720.4429,0.246513915140649,0.246982672191044,0.253007644210192,0.253693241975289,0.249837697268369
"GP","M",16,"R","GT3","T",4,3,"services","other","reputation","mother",2,1,0,"yes","yes","no","yes","no","yes","yes","no",3,3,3,1,1,4,2,11,15,15,-10966.5078,-10940.2698,-10661.2369,-10633.3729,-10737.9587,0.255196264287714,0.254430344588589,0.246342483465058,0.245540559748927,0.248555876240215
"GP","M",18,"U","LE3","T",2,1,"at_home","other","course","mother",4,2,0,"yes","yes","yes","yes","yes","yes","yes","yes",4,3,2,4,5,3,14,10,8,9,-10224.43,-10258.5215,-9906.78370000001,-9933.86289999999,-10072.6333,0.254517588051205,0.255583129320489,0.244675693612882,0.245508685434467,0.24979500279267
"GP","F",17,"U","GT3","T",3,2,"other","other","course","mother",1,2,0,"no","no","no","yes","no","yes","yes","no",5,3,4,1,3,3,10,16,15,15,-10758.3942,-10718.0419,-10773.0501,-10750.7408,-10659.3406,0.250771560481374,0.249596206126416,0.251198995115423,0.250548467570779,0.247890333230101
"GP","M",16,"U","GT3","T",3,3,"services","other","home","mother",1,2,0,"no","no","yes","yes","yes","yes","yes","yes",4,2,3,1,2,3,2,12,13,12,-9437.46160000002,-9425.6522,-9391.69319999998,-9388.55370000001,-9402.56179999998,0.250939851675771,0.250547168450302,0.249419344774638,0.249315180512559,0.24978008406141
"GP","M",18,"U","LE3","T",3,3,"services","health","home","father",1,2,1,"no","yes","yes","no","yes","yes","yes","no",3,2,4,2,4,4,13,6,6,8,-9666.58039999999,-9734.98019999998,-9688.22870000001,-9742.7212,-9827.61009999999,0.247902097383812,0.250094928366655,0.248595288236444,0.250343582824293,0.253076867126579
"GP","F",15,"U","LE3","A",3,4,"other","other","home","mother",1,2,0,"yes","no","no","yes","yes","yes","yes","yes",5,3,2,1,1,1,0,7,10,11,-9390.16140000001,-9384.2477,-9399.68339999999,-9403.07890000004,-9387.62719999999,0.249906907950132,0.249710221783896,0.250223734173454,0.250336751754208,0.249822614375918
"GP","M",15,"U","GT3","T",4,4,"health","services","home","mother",1,2,0,"no","yes","yes","no","no","yes","yes","no",5,4,2,3,4,5,0,9,11,12,-9449.67070000001,-9438.27110000002,-9373.9982,-9372.9597,-9382.68069999999,0.251535706283919,0.251156055707496,0.249019823623481,0.248985366984983,0.249307976766044
"GP","M",17,"U","LE3","T",2,2,"other","other","home","father",1,2,0,"no","no","yes","yes","no","yes","yes","yes",4,4,2,5,5,4,4,14,13,13,-9689.5262,-9670.55990000002,-9775.53599999999,-9754.3638,-9771.85350000001,0.248625893728063,0.248018531938661,0.251387638970074,0.250706673963705,0.251269144841732
"GP","M",15,"U","GT3","T",4,4,"services","teacher","course","father",1,2,0,"no","yes","no","yes","yes","yes","yes","no",4,3,3,1,1,5,2,19,18,18,-14587.1691,-14554.9249,-13690.9536,-13685.2014,-13858.4492,0.261467865660835,0.260739206935942,0.241523749870616,0.241397778722964,0.245203088298082
"GP","M",17,"U","GT3","T",4,3,"other","other","course","mother",1,2,0,"no","yes","no","yes","yes","yes","yes","yes",5,2,3,1,1,2,4,10,10,11,-9396.63100000001,-9392.4881,-9474.28080000001,-9474.278,-9461.06789999998,0.248574214689174,0.248437392945137,0.251144205756132,0.251144112893224,0.250706149039445
"GP","M",19,"U","GT3","T",3,3,"other","other","home","other",1,2,1,"no","yes","no","yes","yes","yes","yes","yes",4,4,4,1,1,3,20,15,14,13,-10615.8631,-10464.6463,-10688.6744,-10587.7135,-10333.2056,0.252312653786795,0.247827901522325,0.254483592147349,0.25147535925835,0.243955678028381
"GP","M",15,"U","GT3","T",2,3,"other","services","course","father",1,1,0,"yes","yes","yes","yes","no","yes","yes","yes",3,2,2,1,3,3,2,10,12,12,-9437.46160000002,-9425.6522,-9520.80139999998,-9501.37159999999,-9530.804,0.248494003043165,0.248105906310858,0.251239706853907,0.250598495794741,0.251570063341846
"GP","M",16,"U","GT3","T",1,2,"services","services","other","mother",1,1,0,"no","yes","yes","yes","yes","yes","yes","yes",3,3,3,1,2,3,2,11,12,11,-9392.57889999999,-9387.459,-9424.5582,-9415.82780000002,-9427.95280000002,0.249432476504322,0.249262619535158,0.250494462703194,0.250204359662707,0.250607298446736
"GP","M",15,"U","GT3","T",2,2,"other","other","home","mother",1,1,0,"no","yes","yes","no","yes","yes","yes","no",4,2,2,1,2,5,2,12,12,11,-9392.57889999999,-9387.459,-9382.73689999998,-9382.81440000002,-9386.94739999998,0.25020217057943,0.250031684579605,0.249874486014901,0.249877065668412,0.250014651521303
"GP","M",16,"U","GT3","T",4,4,"teacher","teacher","home","mother",1,2,0,"no","yes","yes","yes","yes","yes","yes","yes",4,4,5,5,5,5,16,10,12,11,-9455.24770000003,-9460.89359999999,-9474.28080000001,-9474.278,-9551.791,0.249076343479308,0.249262143745728,0.249702922552195,0.249702830328577,0.25226110268334
"GP","F",17,"R","GT3","T",2,1,"at_home","services","course","mother",3,2,0,"no","no","no","yes","yes","yes","no","no",2,1,1,1,1,3,2,13,11,11,-9392.57889999999,-9387.459,-9414.03010000001,-9412.14859999998,-9416.684,0.249601344758102,0.249431349837011,0.250314087470402,0.250251539772456,0.250402323109526
"GP","F",18,"U","GT3","T",4,4,"teacher","other","course","mother",1,2,0,"no","yes","yes","no","yes","yes","yes","no",4,4,4,3,3,5,2,11,11,11,-9392.57889999999,-9387.459,-9474.28080000001,-9474.278,-9451.03499999999,0.248566061759651,0.248396912093916,0.251271519130724,0.251271426211286,0.25050057056588
"MS","F",19,"U","LE3","T",3,2,"services","services","home","other",2,2,2,"no","no","no","yes","yes","yes","no","yes",3,2,2,1,1,3,4,7,7,9,-9805.96839999996,-9683.44610000001,-9785.798,-9707.73090000002,-9724.46279999999,0.252072132922551,0.248141041431621,0.251423269812371,0.248918249327066,0.249454298517643
"GP","F",16,"U","GT3","T",3,3,"other","services","home","mother",1,2,0,"yes","yes","yes","yes","yes","yes","yes","no",4,3,3,2,4,5,54,11,12,11,-10028.7694,-10109.7289,-9399.68339999999,-9403.07890000004,-10006.3404,0.25768423633766,0.260305942456615,0.237678339857773,0.2377846134092,0.256959847879192
"GP","F",16,"U","GT3","T",1,1,"at_home","other","home","mother",2,1,0,"no","yes","yes","no","yes","yes","no","no",4,3,2,1,4,5,6,9,9,10,-9619.10439999998,-9626.1373,-9418.18649999999,-9420.99700000002,-9421.6128,0.253889757919072,0.254122558985483,0.247275341850143,0.247367385005573,0.247387554112278
"GP","F",16,"U","GT3","T",4,3,"health","other","home","mother",1,2,0,"no","yes","no","yes","yes","yes","yes","no",4,3,5,1,5,2,2,16,16,16,-11940.9955,-11911.8156,-11315.0773,-11310.6124,-11428.1065,0.259781063112054,0.258981835980356,0.242856959194085,0.242737866725966,0.245879413132878
"GP","M",17,"U","GT3","T",2,1,"other","other","home","mother",1,1,3,"no","yes","no","no","yes","yes","yes","no",5,4,5,1,2,5,0,5,0,0,-12283.272,-12806.4168,-12666.2856,-13191.4365,-12911.1635,0.238161899754561,0.250849668300797,0.247425655248296,0.260354877870455,0.253421386326032
"GP","F",16,"U","GT3","T",1,1,"services","services","course","father",4,1,0,"yes","yes","no","yes","no","yes","yes","yes",5,5,5,5,5,5,6,10,8,11,-9402.31589999999,-9399.3367,-9424.5582,-9415.82780000002,-9416.287,0.249689650467664,0.24959078760609,0.250428241739093,0.250138230731331,0.250153481326062
"GP","M",15,"U","LE3","T",4,4,"health","services","course","father",1,1,0,"no","yes","yes","yes","yes","yes","yes","no",4,3,3,1,3,5,2,14,14,14,-10224.4271,-10202.061,-10005.0887,-9985.52179999997,-10059.3268,0.254010422632857,0.253314016297673,0.247214189493276,0.246611483375243,0.248887900132445
"GP","F",16,"U","GT3","T",2,3,"services","teacher","other","mother",1,2,0,"yes","no","no","no","yes","yes","yes","no",2,3,1,1,1,3,2,16,16,17,-13147.8825,-13116.7028,-13391.8468,-13323.5595,-13455.8447,0.246732733430647,0.246003675209762,0.252466809646736,0.250856493126275,0.253979743930349
"GP","M",19,"U","GT3","T",4,4,"teacher","services","reputation","other",2,1,1,"no","yes","yes","no","yes","yes","yes","yes",4,3,4,1,1,4,38,8,9,8,-10107.9149,-10255.5405,-9773.94999999996,-9836.90019999999,-10403.6728,0.251003202416107,0.255606115599471,0.240713800702591,0.242640320306035,0.260258999971223
"GP","F",17,"U","GT3","T",3,3,"other","other","home","mother",1,3,0,"no","no","no","yes","no","yes","no","no",3,2,3,1,1,4,4,10,9,9,-10033.3382,-10047.7723,-10015.4475,-9990.03209999998,-9999.80600000002,0.250501178338247,0.250951989513684,0.249942860099898,0.249150573852531,0.249455141359106
"GP","F",16,"U","LE3","T",1,2,"other","services","reputation","father",1,2,0,"yes","no","no","yes","yes","yes","yes","no",4,4,3,1,1,1,4,8,10,9,-10033.3382,-10047.7723,-9742.85839999998,-9776.37679999998,-9764.55079999998,0.255096381472382,0.255557152371789,0.245894932900991,0.246949794386982,0.246577413085563
"MS","F",19,"R","GT3","T",2,3,"services","other","course","mother",1,3,1,"no","no","no","yes","no","yes","yes","no",5,4,2,1,2,5,0,7,5,0,-19089.8911,-19463.7633,-19911.2860000001,-20194.2004,-19837.2223,0.240407244134961,0.246275123800242,0.2533723543296,0.257900927684082,0.252192206757489
"GP","F",16,"R","GT3","T",4,4,"health","teacher","other","mother",1,2,0,"no","yes","no","yes","yes","yes","no","no",2,4,4,2,3,4,6,10,11,11,-9402.31589999999,-9399.3367,-9434.33750000002,-9430.15550000001,-9436.23160000003,0.249397894215094,0.249299169917078,0.250460007346759,0.250321193559975,0.250522888649377
"GP","M",16,"U","GT3","T",4,4,"teacher","teacher","course","father",1,2,0,"no","yes","no","yes","yes","yes","yes","no",5,4,4,1,2,5,2,15,15,16,-11940.9955,-11911.8156,-11315.0773,-11310.6124,-11428.1065,0.259781063112054,0.258981835980356,0.242856959194085,0.242737866725966,0.245879413132878
"GP","F",17,"U","GT3","T",3,2,"health","health","reputation","father",1,4,0,"no","yes","yes","yes","no","yes","yes","no",5,2,2,1,2,5,0,17,17,18,-14687.181,-14662.5164,-13630.4558,-13678.7412,-13883.442,0.262951215421737,0.262393765763741,0.239501061224816,0.240553576535027,0.24503552614327
"GP","F",18,"U","GT3","T",2,2,"at_home","at_home","other","mother",1,3,0,"no","yes","yes","no","yes","yes","yes","no",4,3,3,1,2,2,5,18,18,19,-16089.9547,-16044.7630000001,-16198.0089,-16164.9825,-16162.6413,0.249184700288277,0.248311029050555,0.251278630640495,0.250637883406817,0.250592486547712
"GP","M",17,"R","LE3","T",2,1,"at_home","other","course","mother",2,1,2,"no","no","no","yes","yes","no","yes","yes",3,3,2,2,2,5,0,7,6,0,-15159.6516999999,-13275.8445,-15360.2952,-13859.3506,-13481.0297,0.270821617706852,0.229446412463426,0.275393165717441,0.241971365271876,0.233821810724185
"GP","M",15,"U","GT3","T",4,2,"health","services","other","mother",1,1,0,"no","no","yes","no","yes","yes","yes","no",2,2,4,2,4,1,4,15,16,15,-10912.03,-10881.9813,-10661.2369,-10633.3729,-10692.1143,0.254545358862178,0.253666604737129,0.247248629294702,0.246443172511414,0.248142410386858
"GP","F",17,"U","GT3","T",1,1,"at_home","other","course","father",1,2,0,"no","yes","no","no","no","yes","yes","no",5,3,3,1,1,3,4,5,5,6,-12731.4105,-12780.7285,-12023.7497,-12110.6906,-12078.5154,0.259858198212414,0.261127673975274,0.241920006390169,0.244096262359422,0.24328998231707
"GP","M",16,"R","GT3","T",2,2,"at_home","other","course","mother",3,1,0,"no","no","no","no","no","yes","no","no",4,2,2,1,2,3,2,17,15,15,-10966.5078,-10940.2698,-11868.2534,-11820.0624,-11878.8086,0.235801381450006,0.235104574536093,0.260236478689177,0.258906205996307,0.260528221661675
"MS","F",18,"R","LE3","A",1,4,"at_home","other","course","mother",3,2,0,"no","no","no","no","yes","yes","no","yes",4,3,4,1,4,5,0,13,13,13,-9741.5904,-9725.63660000002,-10294.2404,-10269.6187,-10327.102,0.23984260011025,0.239355793347115,0.256945233582161,0.25617323974649,0.25797706248095
"GP","M",16,"U","LE3","T",4,3,"teacher","other","course","mother",1,1,0,"no","no","no","yes","no","yes","yes","no",5,4,5,1,1,3,0,6,0,0,-24073.9933,-24190.2772,-25412.3153,-25516.443,-24999.7428,0.240454325439966,0.241896738127765,0.25726055792678,0.258587275813989,0.252031247582995
"MS","M",18,"R","LE3","T",1,1,"at_home","other","other","mother",2,2,1,"no","no","no","yes","no","no","no","no",4,4,3,2,3,5,2,13,12,12,-10296.3674,-11625.8588,-10955.757,-12240.524,-12364.6797,0.218204310209973,0.253522376503223,0.235468776666729,0.270552686676629,0.274048953906879
"GP","M",18,"R","GT3","T",4,3,"teacher","services","course","mother",1,3,0,"no","no","no","no","yes","yes","yes","yes",5,3,2,1,2,4,9,16,15,16,-11706.248,-11660.3702,-11111.3883,-11134.3638,-11055.7273,0.260359573819668,0.259074849444631,0.243902346563912,0.244529997230317,0.242384406407399
"GP","F",16,"U","GT3","T",4,4,"teacher","services","home","mother",1,3,0,"no","yes","no","yes","no","yes","yes","no",5,3,2,1,1,5,0,13,13,14,-10265.9033,-10246.3321,-9779.93740000002,-9789.52210000002,-9868.57090000003,0.258688880286283,0.258068436679865,0.243461723852873,0.243758486474443,0.246211417072586
"GP","F",15,"U","GT3","T",2,1,"services","other","reputation","father",3,3,0,"no","yes","no","yes","yes","yes","yes","no",5,2,2,1,1,4,4,10,12,12,-9426.88069999999,-9414.85530000001,-9426.06689999999,-9422.87530000001,-9426.89250000002,0.250111650914324,0.249712923860121,0.250084659662743,0.249978815321585,0.250112042292728
"GP","F",18,"U","GT3","T",2,3,"other","services","reputation","father",1,4,0,"no","yes","yes","yes","yes","yes","yes","yes",4,5,5,1,3,2,4,15,14,14,-10184.5786,-10159.5996,-10084.1466,-10088.8734,-10097.9904,0.251902669784106,0.251129691870263,0.248800576111515,0.248946230374283,0.249227262708407
"MS","F",17,"U","LE3","T",4,4,"at_home","at_home","course","mother",1,2,0,"no","yes","yes","yes","yes","yes","yes","yes",2,3,4,1,1,1,0,16,15,15,-11022.6173,-11000.3713,-10478.4763,-10474.7588,-10608.6521,0.258976325234245,0.258318640293208,0.243084006587003,0.242976812148294,0.246849331715481
"GP","F",16,"U","LE3","T",2,2,"services","services","course","mother",3,2,0,"no","yes","yes","no","yes","yes","yes","no",4,3,3,2,3,4,2,12,13,13,-9714.73720000002,-9697.18580000001,-9775.53599999999,-9754.3638,-9797.42590000001,0.24893936724871,0.248377905256641,0.250888206554299,0.250208864923441,0.251591353345689
"GP","F",18,"R","GT3","A",3,2,"other","services","home","mother",2,2,0,"no","no","no","no","no","no","yes","yes",4,1,1,1,1,5,75,10,9,9,-12274.3088,-11118.6098,-10118.3371,-9689.34240000001,-11040.0387,0.292479932959586,0.257840611249559,0.229324789704921,0.217487337472287,0.255552913282467
"GP","F",18,"U","GT3","T",1,1,"other","other","home","mother",2,2,0,"yes","no","no","yes","yes","yes","yes","no",5,4,4,1,1,4,4,8,9,10,-9598.78170000001,-9603.4599,-9451.0041,-9466.85509999999,-9461.65889999997,0.252712720419131,0.252867030661546,0.247857771273749,0.248376722947379,0.248206555109633
"MS","M",18,"U","GT3","T",4,4,"teacher","teacher","home","father",1,2,0,"no","no","yes","yes","no","yes","yes","no",3,2,4,1,4,2,4,15,14,14,-10184.5786,-10159.5996,-9876.0973,-9873.20299999998,-9904.93879999996,0.255804989735893,0.255017598074955,0.246149706696921,0.246059819797648,0.247046132452687
"GP","F",16,"U","LE3","A",3,3,"other","services","home","mother",1,2,0,"no","yes","no","no","yes","yes","yes","no",2,3,5,1,4,3,12,11,12,11,-9429.17659999998,-9430.81239999999,-9399.68339999999,-9403.07890000004,-9433.5417,0.250329133238348,0.250383434640151,0.249350896532615,0.249463441219253,0.250474045957444
"GP","F",16,"U","GT3","A",2,1,"other","other","other","mother",1,2,0,"no","no","yes","yes","yes","yes","yes","yes",5,3,4,1,1,2,8,8,9,10,-9641.05929999998,-9650.6403,-9522.6414,-9537.54579999999,-9559.69790000001,0.251918655394263,0.252232150861389,0.248056877356142,0.248541620152472,0.249262779426018
"GP","F",16,"U","LE3","T",1,1,"at_home","at_home","course","mother",1,1,0,"no","no","no","no","yes","yes","yes","no",3,4,4,3,3,1,2,14,14,13,-9714.73720000002,-9697.18580000001,-10119.4991,-10060.8316,-10117.7453,0.242897202388109,0.242352012379874,0.255604226406851,0.253746352313062,0.255548607479245
"GP","M",15,"U","GT3","T",3,4,"other","other","home","mother",1,2,0,"no","yes","yes","yes","yes","yes","yes","no",5,5,1,1,1,5,0,14,15,15,-11022.6173,-11000.3713,-10773.0501,-10750.7408,-10889.559,0.253897085882609,0.253254894713154,0.246730159242885,0.246093480826977,0.250065771224252
"MS","M",21,"R","GT3","T",1,1,"other","other","course","other",1,1,3,"no","no","no","no","no","yes","no","no",5,5,3,3,3,3,3,10,8,7,-9917.40679999999,-9739.64879999999,-10287.114,-10074.7581,-10114.4212,0.246603866082252,0.241118015331306,0.258170289509587,0.251500562021767,0.25274093488517
"GP","M",17,"U","GT3","T",2,3,"other","other","course","father",2,1,0,"no","no","no","no","yes","yes","yes","no",5,2,2,1,1,2,4,12,12,13,-9689.5262,-9670.55990000002,-9893.09160000002,-9854.22259999997,-9880.39519999997,0.246563687729627,0.245962356010605,0.253054521791634,0.251809938877316,0.252647711793821
"GP","M",17,"R","GT3","T",2,2,"services","other","course","mother",4,1,0,"no","yes","no","no","yes","yes","yes","no",4,4,5,5,5,4,8,11,10,10,-9641.05929999998,-9650.6403,-9478.89139999999,-9498.54649999998,-9515.3986,0.252757748082366,0.253072498823999,0.247454166983385,0.248094579746738,0.248644187499653
"GP","F",19,"R","GT3","T",2,3,"other","other","reputation","other",1,3,1,"no","no","no","no","yes","yes","yes","yes",4,1,2,1,1,3,40,13,11,11,-9528.91079999999,-9502.12020000004,-9653.81940000001,-9612.65369999998,-9511.41629999998,0.248926551993341,0.248053091106264,0.253015170894188,0.251664744502372,0.24835603581801
"MS","F",17,"R","GT3","T",1,2,"other","other","course","mother",1,1,0,"no","no","no","yes","yes","yes","yes","no",3,5,5,1,3,1,14,6,5,5,-14579.323,-14685.7249,-12961.0699,-13103.8541,-13438.9152,0.269043001953212,0.271539686338829,0.232244702450036,0.235405485163369,0.242886716521177
"GP","F",16,"U","LE3","T",3,1,"other","other","home","father",1,2,0,"yes","yes","no","no","yes","yes","no","no",3,3,3,2,3,2,4,7,6,6,-12731.4105,-12780.7285,-12374.8804,-12364.9438,-12364.9525,0.255212620358509,0.256454781516673,0.24630531637718,0.246058877542276,0.246059093269415
"MS","M",18,"R","LE3","T",3,2,"services","other","course","mother",3,1,0,"no","no","no","no","no","yes","yes","no",4,4,1,3,4,5,0,11,12,10,-9563.04750000002,-9563.55699999999,-9576.99060000003,-9595.97999999999,-9547.1474,0.24979439669781,0.249811029863766,0.250249743714563,0.250870424279999,0.249275543529463
"GP","M",15,"U","LE3","T",2,2,"services","services","home","mother",2,2,0,"no","no","yes","yes","yes","yes","yes","no",5,3,3,1,3,4,4,15,15,15,-10912.03,-10881.9813,-11115.2494,-11070.3783,-11106.1492,0.247025167082115,0.246177468936505,0.252788564874261,0.251511421230681,0.252529339770161
"MS","F",17,"R","GT3","T",1,1,"other","services","reputation","mother",3,1,1,"no","yes","yes","no","yes","yes","yes","yes",5,2,1,1,2,1,0,7,6,0,-19089.8911,-19463.7633,-18109.5695,-18550.2267,-18201.6542,0.256842734109757,0.263196892783885,0.240481253175555,0.247782767711473,0.241999988762648
"GP","F",17,"U","GT3","T",2,3,"at_home","other","home","father",2,1,0,"no","yes","yes","no","yes","yes","no","no",3,3,3,1,4,3,3,7,7,8,-10676.1218,-10698.9323,-10091.4845,-10120.1877,-10102.8667,0.260307686416945,0.261009022965078,0.242594792501202,0.243452790025841,0.242934888096734
"GP","M",16,"U","GT3","T",4,4,"services","teacher","other","father",1,3,0,"no","yes","no","yes","yes","yes","yes","yes",4,4,3,1,1,4,0,16,17,17,-13233.2555,-13208.4652,-12128.4487000001,-12158.2193,-12352.8247,0.26547236953111,0.264843339834238,0.238033181740186,0.238756960679182,0.243509108342722
"GP","M",16,"U","GT3","T",3,4,"other","other","course","father",3,1,2,"no","yes","no","yes","no","yes","yes","no",3,4,5,2,4,2,0,6,5,0,-15159.6516999999,-15669.1396,-16040.2194,-16532.9884,-16151.2835,0.235421601300012,0.24527431791642,0.252549925823764,0.262343878426389,0.254744073203837
"GP","M",15,"U","LE3","A",2,1,"services","other","course","mother",4,1,3,"no","no","no","no","yes","yes","yes","no",4,5,5,2,5,5,0,8,9,10,-12457.404,-11983.3773,-12091.622,-11682.4267,-11917.9924,0.261296165153319,0.248878824566142,0.25169275328932,0.241121388818709,0.247185200072261
"GP","M",19,"U","GT3","T",3,2,"services","at_home","home","mother",1,1,3,"no","yes","no","no","yes","no","yes","yes",4,5,4,1,1,4,0,5,0,0,-12283.272,-11143.2153,-13175.6703,-12111.3212,-11793.4919,0.254714431516635,0.225736782173586,0.27837118753661,0.250256403729017,0.242099151826537
"GP","F",19,"U","GT3","T",1,1,"at_home","health","home","other",1,3,2,"no","no","no","no","no","yes","yes","yes",4,1,2,1,1,3,14,15,13,13,-12966.4214,-12567.8941,-13359.8841,-13032.7526,-12745.3715,0.25077255831971,0.241205866688923,0.260363455804195,0.25237917981081,0.24544809506459
"GP","F",15,"U","LE3","A",3,3,"other","other","other","mother",1,1,0,"no","no","yes","no","yes","yes","yes","no",5,3,4,4,4,1,6,10,13,13,-9665.94739999999,-9645.75229999999,-9714.30910000003,-9691.2694,-9694.86759999999,0.24946827815758,0.248817375802575,0.251029771387713,0.250285383519883,0.25040157910687
"GP","F",17,"U","GT3","T",1,1,"at_home","services","course","mother",1,2,0,"no","no","no","yes","yes","yes","yes","no",5,3,3,1,1,3,0,8,8,9,-9968.3342,-9976.20669999998,-9742.85839999998,-9776.37679999998,-9720.33310000001,0.25419194699072,0.254443774440624,0.247022044240037,0.248082703687868,0.246310263756033
"GP","M",15,"U","GT3","T",4,4,"teacher","health","reputation","mother",1,2,0,"no","yes","no","yes","yes","yes","no","no",3,2,2,1,1,5,4,14,15,15,-10912.03,-10881.9813,-10901.5612,-10927.7519,-10939.3749,0.249985399422042,0.249125513458822,0.249685685586835,0.250435775705783,0.250768941855334
"GP","M",17,"U","LE3","T",4,4,"teacher","other","reputation","mother",1,2,0,"no","yes","yes","yes","yes","yes","yes","no",4,4,4,1,3,5,0,13,11,10,-9563.04750000002,-9563.55699999999,-9808.79039999999,-9809.89210000001,-9736.44739999998,0.245718657584001,0.245734965995607,0.253634437554068,0.253670151628644,0.251293722511334
"GP","F",16,"U","LE3","T",4,4,"teacher","teacher","reputation","mother",1,2,0,"no","yes","yes","no","yes","yes","yes","no",4,5,2,1,2,3,0,9,9,10,-9563.04750000002,-9563.55699999999,-9808.79039999999,-9809.89210000001,-9736.44739999998,0.245718657584001,0.245734965995607,0.253634437554068,0.253670151628644,0.251293722511334
"GP","M",18,"U","GT3","T",2,2,"other","services","reputation","father",1,2,1,"no","no","no","no","yes","no","yes","no",5,5,4,3,5,2,0,7,7,0,-19089.8911,-16340.3598,-19395.4337,-17147.977,-16698.4325,0.274350196989308,0.225908585742289,0.279970679706726,0.239750977646112,0.232007544548768
"GP","F",15,"U","GT3","T",1,1,"other","other","home","father",1,2,0,"no","yes","no","yes","no","yes","yes","no",4,3,2,2,3,4,2,9,10,10,-9580.09719999999,-9582.5989,-9451.0041,-9466.85509999999,-9452.0717,0.252423152039788,0.252505712900908,0.248177556004316,0.248697310667172,0.24821254904337
"GP","F",18,"U","LE3","T",2,2,"other","other","home","other",1,2,0,"no","no","no","yes","no","yes","yes","yes",4,3,3,1,1,2,0,8,8,0,-24073.9933,-24190.2772,-23904.0807,-24043.8828,-23643.2844,0.251342764430465,0.252863808176967,0.249126863265332,0.250949507848711,0.245740935607004
"GP","M",16,"U","GT3","T",2,3,"other","other","home","father",2,1,0,"no","no","no","no","yes","yes","yes","no",5,3,3,1,1,3,0,13,14,14,-10265.9033,-10246.3321,-10499.6019,-10441.3698,-10564.3433,0.24588019905926,0.245296462899671,0.252893080687742,0.251138263527746,0.254849842486615
"GP","F",17,"U","LE3","T",2,2,"services","services","course","father",1,4,0,"no","no","yes","yes","yes","yes","yes","yes",3,4,1,1,1,2,0,10,9,0,-24073.9933,-24190.2772,-25165.4318999999,-25133.5676,-24779.8904,0.242512292621019,0.243969478438727,0.256325261181816,0.255917643922865,0.251411001278671
"GP","M",16,"U","LE3","T",2,2,"services","services","reputation","father",2,1,2,"no","yes","no","yes","yes","yes","yes","no",2,3,3,2,2,2,8,9,9,9,-9753.42839999997,-9636.8943,-9808.36480000001,-9697.615,-9690.0922,0.251163620225426,0.247420228784244,0.252936129692345,0.249367943011079,0.249126307057078
"GP","F",17,"U","GT3","T",4,4,"teacher","teacher","course","mother",2,3,0,"no","yes","yes","no","no","yes","yes","yes",4,3,3,1,2,4,4,14,14,14,-10184.5786,-10159.5996,-9779.93740000002,-9789.52210000002,-9813.55420000002,0.257559573079607,0.256765676389159,0.244821265501488,0.245120011984275,0.245869701823746
"GP","M",16,"U","LE3","T",1,1,"services","other","course","mother",1,2,1,"no","no","no","no","yes","yes","no","yes",4,4,4,1,3,5,0,14,12,12,-10339.6035,-10233.2281,-10955.757,-10835.1028,-10926.3723,0.240733241316934,0.237667909343528,0.258791459079215,0.255214056739362,0.257918324369628
"GP","M",16,"U","GT3","T",0,2,"other","other","other","mother",1,1,0,"no","no","yes","no","no","yes","yes","no",4,3,2,2,4,5,0,13,15,15,-11022.6173,-11000.3713,-12209.9465,-12066.8508,-12227.9436,0.232030128748965,0.231453455790859,0.263612498465222,0.25972067549381,0.264103674829304
"GP","F",16,"U","GT3","T",3,3,"other","other","reputation","mother",3,2,0,"yes","yes","no","yes","yes","yes","no","no",5,3,2,1,1,4,4,8,10,10,-9598.78170000001,-9603.4599,-9526.82770000001,-9523.862,-9524.9925,0.251414284659896,0.251567642839904,0.249060253726952,0.248963418572195,0.249000329551215
"GP","M",17,"U","GT3","T",4,4,"teacher","teacher","reputation","mother",1,2,0,"yes","yes","no","yes","yes","yes","yes","yes",4,5,5,1,3,2,14,11,9,9,-10224.43,-10258.5215,-10377.5188,-10379.7978,-10540.6215,0.246037080598657,0.247060126129944,0.250644297782634,0.250713141821058,0.25559051833613
"GP","F",15,"U","GT3","T",2,3,"other","other","other","father",2,1,0,"no","yes","no","yes","yes","yes","no","no",3,5,1,1,1,5,0,8,7,6,-12578.6067,-12614.1927,-11691.8363,-11743.1529,-11626.4909,0.26383700451942,0.264781060390512,0.24075881544609,0.24207132926078,0.239091499628671
"GP","F",15,"U","GT3","T",1,2,"at_home","other","course","mother",1,2,0,"no","yes","yes","no","no","yes","yes","no",4,3,2,1,1,5,2,10,11,11,-9392.57889999999,-9387.459,-9393.37560000002,-9391.63479999999,-9396.6362,0.250008051828628,0.249837724532739,0.250034560379161,0.249976640302395,0.250143061841877
"GP","M",16,"U","GT3","T",3,1,"other","other","reputation","father",2,4,0,"no","yes","yes","no","yes","yes","yes","no",4,3,2,1,1,5,0,13,15,15,-11022.6173,-11000.3713,-10463.7024,-10485.6357,-10591.7627,0.259102864942937,0.258444792678955,0.242775137958737,0.243407894188181,0.24647868787612
"GP","M",17,"U","LE3","T",1,1,"health","other","course","mother",2,1,1,"no","yes","no","yes","yes","yes","yes","no",4,4,4,1,2,5,2,7,9,8,-9553.2444,-9596.0153,-9437.54460000002,-9477.99690000002,-9460.47840000001,0.251586314762502,0.252997664919116,0.247784348426075,0.249111006815738,0.248536130539413
"GP","M",16,"U","LE3","T",1,1,"other","other","home","mother",2,2,0,"no","yes","yes","no","yes","yes","yes","no",3,4,2,1,1,5,18,9,7,6,-13317.6681,-13420.9336,-12023.7497,-12110.6906,-12557.147,0.265755301485941,0.268368994752119,0.23389578939384,0.235986145180249,0.246833027991525
"GP","F",16,"U","GT3","T",4,2,"teacher","services","home","mother",2,2,0,"no","yes","yes","yes","yes","yes","yes","no",5,3,3,1,1,1,0,11,10,10,-9563.04750000002,-9563.55699999999,-9808.79039999999,-9809.89210000001,-9736.44739999998,0.245718657584001,0.245734965995607,0.253634437554068,0.253670151628644,0.251293722511334
"GP","F",17,"U","LE3","T",2,2,"other","other","course","father",1,1,0,"no","yes","no","no","yes","yes","yes","yes",3,4,4,1,3,5,12,10,13,12,-9400.89169999999,-9389.8612,-9520.80139999998,-9501.37159999999,-9469.12970000001,0.248167974057418,0.24780462965217,0.252131493026521,0.251487548504945,0.250420444189959
"GP","F",15,"U","GT3","T",4,4,"services","services","reputation","father",2,2,2,"no","no","yes","no","yes","yes","yes","yes",4,4,4,2,3,5,6,7,9,8,-9481.46420000001,-9432.4952,-9415.97000000001,-9433.07800000001,-9429.21839999998,0.251425953699116,0.249803032228201,0.249256306655992,0.24982232252604,0.249694583382148
"GP","M",16,"U","LE3","T",1,2,"other","other","course","mother",2,1,1,"no","no","no","yes","yes","yes","no","no",4,4,4,2,4,5,0,7,0,0,-19089.8911,-19463.7633,-17160.309,-17502.4283,-17271.0488,0.267374598434047,0.274046121903697,0.234024005152854,0.239808527428046,0.235890466587963
"MS","M",18,"R","GT3","T",3,2,"other","other","course","mother",2,1,1,"no","yes","no","no","no","yes","yes","no",2,5,5,5,5,5,10,11,13,13,-10848.0265,-10699.9324,-10883.4666,-10750.0382,-10682.3332,0.252187195512834,0.247890973710197,0.25321970594535,0.249341243355801,0.24738237856444
"GP","F",16,"U","GT3","T",4,2,"health","services","home","father",1,2,0,"no","no","yes","no","yes","yes","yes","yes",4,2,3,1,1,3,0,14,15,16,-12011.7412,-11987.7511,-11315.0773,-11310.6124,-11485.7416,0.260562998618388,0.259907340502216,0.241796616465937,0.241678145080369,0.246342021785567
"GP","M",16,"R","GT3","A",4,4,"other","teacher","reputation","mother",2,3,0,"no","yes","no","yes","yes","yes","yes","yes",2,4,3,1,1,5,7,15,16,15,-10833.3744,-10797.9646,-10328.5513,-10344.7975,-10323.6223,0.259203040238198,0.258137112446275,0.244175181916167,0.244653219751662,0.244030220688688
"GP","F",15,"U","GT3","A",3,3,"other","health","reputation","father",1,4,0,"yes","no","no","no","yes","yes","no","no",4,3,3,1,1,4,10,10,11,11,-9418.59200000002,-9418.4995,-9474.01390000002,-9457.497,-9491.79079999998,0.248893860792229,0.248890808020001,0.250725633826473,0.250179164843989,0.251314324514162
"GP","F",17,"R","GT3","T",4,3,"teacher","other","reputation","mother",2,3,0,"no","yes","yes","yes","yes","yes","yes","yes",4,4,2,1,1,4,6,7,7,7,-11663.8702,-11706.5708,-12497.8549,-12462.8163,-12467.2772,0.237386472685786,0.238462764954485,0.258751896420525,0.257839423445255,0.257955520419411
"GP","M",16,"U","LE3","A",4,4,"teacher","health","reputation","mother",1,2,0,"no","yes","no","no","yes","yes","no","no",4,1,3,3,5,5,18,8,6,7,-12083.4777,-12165.7998,-11714.6668,-11681.2452,-12109.2348,0.25347677278974,0.255645123762717,0.243853578986114,0.242988822846543,0.254154405241687
"GP","M",15,"R","GT3","T",2,1,"health","services","reputation","mother",1,2,0,"no","no","no","yes","yes","yes","yes","yes",5,4,2,1,1,5,8,9,9,9,-10104.8759,-10126.6102,-9906.78370000001,-9933.86289999999,-9973.00529999999,0.252999739328201,0.25368195567573,0.246815891502557,0.247657619341051,0.248876329459749
"GP","M",15,"U","GT3","A",3,4,"services","other","course","mother",1,2,0,"no","yes","yes","yes","yes","yes","yes","no",5,4,4,1,1,1,0,16,18,18,-14687.181,-14662.5164,-14262.4017999999,-14221.5667,-14475.2701,0.254889511782485,0.254352594692629,0.24570634572012,0.244830621034856,0.250291415471209
"GP","F",15,"U","GT3","T",4,4,"teacher","health","reputation","mother",1,2,0,"no","yes","yes","no","yes","yes","yes","no",3,3,3,1,2,2,0,10,8,9,-9968.3342,-9976.20669999998,-10377.5188,-10379.7978,-10264.6466,0.243140955421037,0.243379710145747,0.255673274985763,0.255743782786336,0.252191109459808
"GP","M",17,"U","GT3","T",1,3,"at_home","services","course","father",1,1,0,"no","no","no","no","yes","no","yes","no",5,3,3,1,4,2,2,10,10,10,-9580.09719999999,-9524.66829999998,-9428.42020000002,-9583.7808,-9608.83430000002,0.251144855013239,0.249329474721724,0.246189688492691,0.251265685456617,0.252088116718313
"GP","M",15,"U","LE3","T",1,2,"other","at_home","home","father",1,2,0,"yes","yes","no","yes","yes","yes","yes","no",4,3,2,1,1,5,2,9,10,9,-10000.02,-10011.0808,-9742.85839999998,-9776.37679999998,-9741.71709999998,0.254634639732976,0.254988101759264,0.246472473672731,0.247530304981763,0.246436486145729
"MS","M",17,"U","GT3","T",3,3,"health","other","course","mother",2,2,0,"no","yes","yes","no","yes","yes","yes","no",4,5,4,2,3,3,2,13,13,13,-9714.73720000002,-9697.18580000001,-9617.92169999998,-9608.3251,-9647.69219999998,0.251865540618095,0.251296150967729,0.24873116140608,0.248421328505022,0.249693301984505
"GP","M",16,"U","GT3","T",4,4,"health","other","reputation","father",1,2,0,"no","yes","yes","yes","yes","yes","yes","no",4,2,4,2,4,1,2,14,13,13,-9714.73720000002,-9697.18580000001,-9507.93509999998,-9505.93529999999,-9539.21960000002,0.25397822621713,0.2534030936567,0.247234985578558,0.247170131695591,0.248250426496074
"GP","M",19,"R","GT3","T",3,3,"other","services","reputation","father",1,2,1,"no","no","no","yes","yes","yes","no","yes",4,5,3,1,2,5,0,15,12,12,-10339.6035,-10233.2281,-10355.1292,-10289.4242,-10380.9843,0.250603800174749,0.247387723168221,0.251074580340743,0.249084651643647,0.25185936225697
"GP","F",17,"U","GT3","T",4,4,"services","teacher","home","mother",2,1,1,"no","yes","no","no","yes","yes","yes","no",4,2,4,2,3,2,24,18,18,18,-17049.5612999999,-16671.0121,-17245.1436,-16979.1242,-16138.7987,0.254341696881322,0.247298060379126,0.258012142023609,0.253025061322363,0.237527947890767
"GP","M",16,"U","GT3","T",2,2,"other","other","course","father",1,2,0,"no","no","no","no","yes","no","yes","no",4,3,5,2,4,4,4,10,10,10,-9598.78170000001,-9518.94049999999,-9522.6414,-9512.2159,-9513.0679,0.252155819069706,0.249535052264236,0.249656290854475,0.249314819821646,0.249342718753787
"GP","F",15,"U","GT3","T",4,2,"other","other","reputation","mother",1,3,0,"no","yes","no","yes","yes","yes","yes","no",5,3,3,1,3,1,4,13,14,14,-10184.5786,-10159.5996,-9779.93740000002,-9789.52210000002,-9813.55420000002,0.257559573079607,0.256765676389159,0.244821265501488,0.245120011984275,0.245869701823746
"GP","F",17,"U","GT3","T",4,4,"other","teacher","course","mother",1,1,0,"yes","yes","no","no","yes","yes","no","yes",4,2,1,1,1,4,0,11,11,12,-9449.67070000001,-9438.27110000002,-9494.83770000001,-9496.37820000003,-9525.68350000002,0.248969259669114,0.248594252131298,0.250457315309928,0.250508130598701,0.25147558917341
"GP","M",15,"R","GT3","T",3,4,"at_home","teacher","course","mother",4,2,0,"no","yes","no","no","yes","yes","no","yes",5,3,3,1,1,5,0,9,0,0,-24073.9933,-24190.2772,-23673.6183,-23655.3553,-23362.5723,0.25372608275694,0.255264491757359,0.248457936236464,0.248218686740436,0.244395642390381
"GP","M",17,"U","LE3","T",4,4,"other","teacher","home","father",2,1,0,"no","no","yes","no","yes","yes","yes","no",4,1,1,2,2,5,0,11,11,10,-9563.04750000002,-9563.55699999999,-9722.70880000001,-9737.06529999999,-9668.028,0.247162356723727,0.24717877996662,0.252330142587177,0.252796921370063,0.250555464150243
"GP","F",17,"U","GT3","T",1,1,"other","other","course","mother",1,2,0,"no","yes","yes","no","no","yes","no","no",4,4,4,1,3,1,4,9,9,10,-9598.78170000001,-9603.4599,-9417.19070000001,-9419.5744,-9420.4696,0.253528938161636,0.253683847727834,0.247545344646695,0.247623519765176,0.24765288100964
"GP","F",17,"U","LE3","T",2,4,"services","services","course","father",1,2,0,"no","no","no","yes","yes","yes","yes","yes",4,3,2,1,1,5,0,14,15,15,-11022.6173,-11000.3713,-11115.2494,-11070.3783,-11211.7166,0.248269919995614,0.247644772840146,0.250879775455112,0.249614196899313,0.25360930828319
"GP","F",15,"U","GT3","T",1,2,"at_home","services","course","mother",1,2,0,"no","no","no","no","no","yes","yes","no",3,2,3,1,2,1,2,16,15,15,-10966.5078,-10940.2698,-11505.0754,-11433.6634,-11517.0617,0.241573945223184,0.240856755401839,0.256480515131307,0.254483409544722,0.256816346973763
"MS","F",18,"R","LE3","T",4,4,"other","other","reputation","mother",2,3,0,"no","no","no","no","yes","yes","yes","no",5,4,4,1,1,1,0,19,18,19,-16373.5001,-16349.9095,-14865.2296,-14908.8237000001,-15180.0673,0.267086846872731,0.266599442687982,0.236661123028505,0.237520008477474,0.242890936617524
"GP","F",18,"U","GT3","T",3,2,"other","services","other","mother",1,3,0,"no","no","no","no","yes","yes","yes","yes",5,4,3,2,3,1,7,13,13,14,-10127.877,-10099.3274,-9961.05350000001,-9961.79720000003,-9939.23050000003,0.253441441501138,0.252546585557571,0.248230559352252,0.248253693346031,0.247552101117789
"GP","M",16,"U","GT3","T",3,3,"other","services","course","father",1,2,1,"no","yes","yes","no","yes","yes","yes","yes",4,5,5,4,4,5,4,10,12,12,-10254.7718,-10147.1131,-10020.1433,-9950.12310000002,-9988.29850000004,0.255693764857933,0.252332035406552,0.248390361139174,0.246227237257154,0.247405654104938
"GP","F",15,"U","LE3","A",4,3,"other","other","course","mother",1,2,0,"yes","yes","yes","yes","yes","yes","yes","yes",5,2,2,1,1,5,8,8,8,6,-12890.7475,-12954.5455,-13489.0396999999,-13495.2708,-13562.4406,0.240942712031395,0.242424249626086,0.254976817535905,0.255124650486006,0.25672046923464
"GP","M",17,"U","GT3","T",1,1,"other","other","reputation","father",1,2,0,"no","no","yes","no","no","yes","yes","no",4,3,3,1,2,4,2,12,10,11,-9392.57889999999,-9387.459,-9393.37560000002,-9391.63479999999,-9396.6362,0.250008051828628,0.249837724532739,0.250034560379161,0.249976640302395,0.250143061841877
"GP","F",18,"U","GT3","T",4,3,"other","other","course","mother",1,3,0,"no","yes","yes","yes","yes","yes","yes","yes",4,3,4,1,1,5,9,9,10,9,-10123.7833,-10147.457,-10550.1966,-10527.552,-10594.8021,0.242079900430052,0.242783422105872,0.254875102124497,0.254188990941451,0.256228807084567
"GP","F",16,"U","GT3","T",3,4,"at_home","other","course","mother",1,2,0,"no","yes","no","no","yes","yes","yes","no",2,4,3,1,2,3,12,5,5,5,-14479.3085,-14576.6217,-14366.3069,-14410.3772,-14683.8364,0.249483485077596,0.251582062832805,0.247055397651485,0.248001221421372,0.253902345203164
"GP","M",17,"R","GT3","T",2,2,"other","other","course","father",2,2,0,"no","yes","yes","yes","yes","yes","yes","no",4,5,2,1,1,1,4,11,11,11,-9396.63100000001,-9392.4881,-9372.7191,-9375.52729999998,-9374.4263,0.250475562402495,0.250337484274795,0.249679025768796,0.249772517987238,0.249735861191431
"GP","M",15,"U","GT3","T",3,4,"other","other","reputation","father",1,1,0,"no","no","no","no","yes","yes","yes","no",3,4,3,1,2,4,6,14,13,13,-9665.94739999999,-9645.75229999999,-9714.30910000003,-9691.2694,-9694.86759999999,0.24946827815758,0.248817375802575,0.251029771387713,0.250285383519883,0.25040157910687
"GP","M",15,"U","LE3","A",4,2,"health","health","other","father",2,1,1,"no","no","no","no","yes","yes","no","no",5,5,5,3,4,5,6,11,11,10,-9436.9717,-9406.80789999999,-9480.83419999998,-9464.87059999999,-9462.56410000003,0.249555798865917,0.248559865147217,0.251006867947054,0.250478366631343,0.250402043061483
"MS","F",17,"R","GT3","T",1,2,"other","services","course","father",2,2,0,"no","no","no","no","no","yes","no","no",3,2,2,1,2,3,0,12,11,12,-9449.67070000001,-9438.27110000002,-9767.6702,-9751.97650000001,-9788.77009999999,0.243883315249766,0.243517462000673,0.25417651777051,0.25366453997449,0.254865522213142
"GP","M",16,"U","GT3","T",1,0,"other","other","reputation","mother",2,2,0,"no","yes","yes","yes","yes","yes","yes","yes",4,3,2,1,1,3,2,13,15,16,-11940.9955,-11911.8156,-12618.5546,-12529.9019,-12632.7056,0.240295431118832,0.239567552474835,0.257440514850565,0.255170326375768,0.257803649144783
"GP","M",16,"U","GT3","T",4,4,"services","services","course","mother",1,1,0,"no","no","no","yes","yes","yes","yes","no",5,3,2,1,2,5,0,13,12,12,-9449.67070000001,-9438.27110000002,-9395.4506,-9392.7093,-9412.27489999997,0.251062582361526,0.250683788920592,0.249262967804622,0.249172119046159,0.249820827402639
"GP","F",16,"U","GT3","T",1,3,"at_home","services","home","mother",1,2,3,"no","no","no","yes","no","yes","yes","yes",4,3,5,1,1,3,0,8,7,0,-12283.272,-12806.4168,-12469.5753,-12970.6873,-12727.2187,0.240971800428188,0.253839952078574,0.245524036905171,0.257935862239305,0.251874746509256
"MS","F",18,"U","GT3","T",3,3,"other","other","home","mother",1,2,0,"no","no","yes","no","yes","yes","yes","yes",4,1,3,1,2,1,0,15,15,15,-11022.6173,-11000.3713,-10773.0501,-10750.7408,-10889.559,0.253897085882609,0.253254894713154,0.246730159242885,0.246093480826977,0.250065771224252
"GP","F",17,"U","GT3","A",2,1,"other","other","course","mother",2,3,0,"no","no","no","yes","yes","yes","yes","yes",3,2,3,1,2,3,10,12,10,12,-9404.94229999999,-9393.3791,-9426.06689999999,-9422.87530000001,-9407.3569,0.249801399364948,0.249417670549755,0.250503035545857,0.250396978665768,0.249881558456748
"GP","F",17,"R","GT3","T",3,4,"at_home","services","course","father",1,3,0,"no","yes","yes","yes","no","yes","yes","no",4,3,4,2,5,5,0,11,11,10,-9563.04750000002,-9563.55699999999,-9739.65050000001,-9736.45199999999,-9678.61359999997,0.246990548243228,0.247006957808896,0.252704422894223,0.252600471960099,0.2507237018378
"GP","M",18,"U","LE3","T",4,3,"teacher","services","course","mother",2,1,0,"no","no","yes","yes","yes","yes","yes","no",4,2,3,1,2,1,8,10,11,10,-9641.05929999998,-9650.6403,-9722.70880000001,-9737.06529999999,-9752.38839999999,0.248079361378433,0.248387131179943,0.250707056718708,0.251170230809474,0.251664968292548
"GP","F",15,"U","GT3","T",4,3,"services","other","reputation","mother",1,1,0,"no","no","yes","yes","yes","yes","yes","no",4,5,5,1,3,1,4,16,17,18,-14488.7951,-14449.1481,-14035.015,-13982.6749,-14093.5943,0.256164857848868,0.2552849444506,0.246166953978654,0.245023998952801,0.247448646128736
"GP","F",19,"U","GT3","T",2,1,"services","services","home","other",1,3,1,"no","no","yes","yes","yes","yes","yes","yes",4,3,4,1,3,3,4,11,12,11,-9735.02070000003,-9664.62770000006,-9653.81940000001,-9612.65369999998,-9628.77639999998,0.252465033783874,0.250182762117984,0.249833073370351,0.248502999213266,0.249023590328292
"GP","M",17,"R","GT3","T",1,2,"at_home","other","home","mother",1,2,0,"no","no","no","no","yes","yes","no","no",3,1,3,1,5,3,4,8,9,10,-9598.78170000001,-9603.4599,-9417.19070000001,-9419.5744,-9420.4696,0.253528938161636,0.253683847727834,0.247545344646695,0.247623519765176,0.24765288100964
"MS","F",17,"U","LE3","A",3,2,"services","other","reputation","mother",2,2,0,"no","no","no","no","yes","yes","no","yes",1,2,3,1,2,5,2,12,12,11,-9392.57889999999,-9387.459,-9400.37060000001,-9399.3265,-9401.07930000002,0.249880815102057,0.249710591807696,0.250139957767449,0.250105226009705,0.250163533617255
"GP","F",16,"U","LE3","T",2,2,"other","at_home","course","father",2,2,1,"yes","no","no","yes","yes","yes","yes","no",4,3,3,2,2,5,14,10,10,9,-9428.71799999999,-9453.67079999998,-9378.86769999998,-9393.37690000001,-9427.35999999999,0.250408972389159,0.251238167071524,0.248755707275484,0.249236447827689,0.250363876866213
"GP","F",15,"R","GT3","T",1,1,"at_home","other","home","mother",2,4,1,"yes","yes","yes","yes","yes","yes","yes","no",3,1,2,1,1,1,2,7,10,10,-9460.00079999999,-9425.96260000002,-9482.7958,-9466.93819999999,-9478.24560000001,0.249907942216913,0.248785036850368,0.250661069035728,0.2501370517965,0.250510661923203
"GP","F",17,"U","LE3","T",3,3,"other","other","reputation","mother",1,2,0,"no","yes","no","yes","yes","yes","yes","yes",5,3,3,2,3,1,56,9,9,8,-12520.3138,-12729.7051,-10828.9987,-10852.405,-12494.7582,0.266924259176361,0.272605264298351,0.222831823411424,0.223421070758103,0.266234380033475
"GP","M",15,"U","GT3","T",4,4,"health","health","other","father",1,1,0,"no","yes","yes","no","yes","yes","yes","no",5,4,2,1,1,5,0,12,15,15,-11022.6173,-11000.3713,-10661.2369,-10633.3729,-10785.2639,0.25586245621398,0.25521428216295,0.245415239458327,0.244616926648327,0.248981113874494
"GP","M",15,"U","GT3","T",2,2,"services","services","course","father",1,1,0,"yes","yes","no","no","yes","yes","yes","no",5,4,1,1,1,1,0,8,8,11,-9390.16140000001,-9384.2477,-9382.73689999998,-9382.81440000002,-9390.40329999998,0.250136142713328,0.249939240053485,0.249888946376765,0.249891526209409,0.25014419834071
"GP","F",16,"U","GT3","T",4,3,"teacher","health","home","mother",1,3,0,"yes","yes","yes","yes","yes","yes","yes","no",3,4,4,2,4,4,2,10,9,9,-10000.02,-10011.0808,-10550.1966,-10527.552,-10450.4438,0.240736518230655,0.241066981250558,0.257390317794904,0.256696050739733,0.25433770846842
"GP","M",16,"U","LE3","T",2,2,"other","other","home","mother",1,2,0,"no","no","no","no","yes","yes","yes","no",4,4,4,1,1,3,0,12,12,11,-9390.16140000001,-9384.2477,-9372.7191,-9375.52729999998,-9374.05070000001,0.250360609063622,0.250163494349484,0.249779403106127,0.249872940426186,0.249823755144409
"GP","F",17,"U","LE3","T",2,2,"services","other","course","mother",2,2,0,"yes","yes","yes","no","yes","yes","yes","yes",4,4,4,2,3,5,6,12,12,12,-9417.93320000002,-9405.87939999999,-9457.01300000001,-9447.80039999999,-9445.1509,0.249443060386438,0.249044294827373,0.250737656737301,0.250432229368536,0.250344417525303
"GP","M",17,"R","GT3","T",1,2,"at_home","at_home","home","mother",1,2,0,"no","yes","yes","yes","no","yes","no","yes",3,5,2,2,2,1,2,15,14,14,-10224.4271,-10202.061,-11055.033,-11021.5522,-11048.8121000001,0.235980311358352,0.23534261421368,0.26013768963275,0.259145681934135,0.259953251427587
"GP","F",18,"U","GT3","T",4,3,"services","other","home","father",1,2,0,"no","yes","yes","no","yes","yes","yes","yes",3,1,2,1,3,2,21,17,18,18,-13718.5301,-13623.5407,-13690.9536,-13685.2014,-13131.8502,0.253429490547765,0.251233840123287,0.252791274919181,0.252658231022657,0.239990423812316
"GP","F",16,"R","GT3","T",2,2,"services","services","reputation","mother",2,4,0,"no","yes","yes","yes","no","yes","yes","no",5,3,5,1,1,5,6,10,10,11,-9402.31589999999,-9399.3367,-9451.18239999999,-9446.89529999999,-9452.73859999999,0.249066961397481,0.248968394203859,0.250685938794158,0.250543736589648,0.250737565621259
"GP","F",15,"R","GT3","T",3,4,"services","health","course","mother",1,3,0,"yes","yes","yes","yes","yes","yes","yes","no",4,3,2,1,1,5,2,12,12,11,-9392.57889999999,-9387.459,-9443.66939999999,-9441.34339999999,-9426.48059999998,0.24914694711782,0.24897732333279,0.250842117543998,0.250764841468427,0.250271283983696
"GP","F",16,"U","GT3","A",3,1,"services","other","course","mother",1,2,3,"no","yes","yes","no","yes","yes","yes","no",2,3,3,2,2,4,5,7,7,7,-9887.7516,-9714.86159999997,-9599.03400000001,-9535.32520000001,-9550.84449999995,0.257493093377631,0.251856813263151,0.2481089680389,0.2460570864402,0.246556297724495
"GP","F",15,"U","GT3","T",4,4,"teacher","services","course","mother",1,3,0,"no","yes","yes","yes","yes","yes","yes","no",4,2,2,1,1,5,2,9,11,11,-9392.57889999999,-9387.459,-9539.43120000001,-9529.4596,-9503.74879999996,0.247432942653105,0.24726471678281,0.252277498850979,0.251947352157998,0.25109690356969
"GP","M",16,"R","GT3","T",4,2,"teacher","services","other","mother",1,1,0,"no","yes","no","yes","yes","yes","yes","yes",4,3,3,3,4,3,10,10,8,9,-10143.0982,-10168.7615,-10237.6715,-10260.6837,-10322.5285,0.24745513532769,0.248236646642987,0.250339980451287,0.251043959499796,0.252939822181627
"GP","F",16,"U","GT3","A",2,2,"other","other","reputation","mother",1,2,0,"yes","yes","yes","no","yes","yes","yes","no",3,3,4,1,1,4,0,12,13,14,-10265.9033,-10246.3321,-10328.2863,-10295.2221,-10400.9781,0.248744843166255,0.248152951561625,0.250635243721797,0.249632582469759,0.252845266407946
"GP","F",17,"R","LE3","T",3,1,"services","other","reputation","mother",2,4,0,"no","yes","yes","no","yes","yes","no","no",3,1,2,1,1,3,6,18,18,18,-14392.0457000001,-14345.1931,-14394.2835,-14497.9276,-14382.0661,0.249777473223319,0.248762056926642,0.249826013424022,0.252078300160454,0.249561051249944
"GP","M",18,"R","GT3","T",3,2,"other","other","course","mother",1,3,0,"no","no","no","yes","no","yes","no","no",5,3,2,1,1,3,1,13,12,12,-9443.3615,-9431.73279999999,-9474.7716,-9477.55260000001,-9496.28539999998,0.249294512712747,0.248911115632092,0.250331278169239,0.250423154652452,0.251042386093568
"MS","M",17,"R","GT3","T",4,3,"services","other","home","mother",2,2,0,"no","yes","yes","yes","no","yes","yes","yes",4,5,5,1,3,2,4,13,11,11,-9396.63100000001,-9392.4881,-9474.28080000001,-9474.278,-9461.06789999998,0.248574214689174,0.248437392945137,0.251144205756132,0.251144112893224,0.250706149039445
"GP","F",16,"U","GT3","T",2,3,"other","other","reputation","mother",1,2,0,"yes","yes","yes","yes","yes","yes","no","no",4,4,3,1,3,4,6,8,10,10,-9619.10439999998,-9626.1373,-9448.1968,-9449.892,-9461.70079999997,0.253228108012812,0.253460179751417,0.247614796243122,0.24767022669473,0.248056493126629
"GP","M",15,"U","LE3","A",3,2,"services","other","home","mother",1,2,0,"no","yes","yes","no","yes","yes","yes","no",4,2,2,1,1,1,0,16,18,19,-16373.5001,-16349.9095,-15893.9585,-15847.0982,-16138.9374,0.254920203554533,0.254459460976676,0.245620379696903,0.244718998059579,0.25035400626593
"GP","F",17,"U","GT3","T",3,2,"other","other","home","mother",1,2,0,"no","yes","yes","no","yes","yes","yes","yes",4,3,2,2,3,2,0,7,8,0,-24073.9933,-24190.2772,-24946.2613000001,-25026.184,-24580.1252,0.2438049323141,0.245271418449235,0.254890298764625,0.255915900023046,0.250213222213603
"GP","F",16,"U","GT3","A",3,4,"services","other","course","father",1,1,0,"no","no","no","no","yes","yes","yes","no",3,2,1,1,4,5,16,12,11,11,-9455.24770000003,-9460.89359999999,-9388.54180000002,-9393.44829999998,-9435.65100000002,0.250945207272087,0.251132681919523,0.248734453688977,0.248896797657124,0.250294925758575
"GP","F",16,"U","GT3","T",2,2,"services","other","reputation","mother",2,2,0,"no","no","yes","yes","no","yes","yes","no",3,4,4,1,4,5,2,13,13,11,-9392.57889999999,-9387.459,-9372.7191,-9375.52729999998,-9373.51039999997,0.250407231920855,0.250236578226281,0.249745535965187,0.249839058067363,0.249771887386815
"GP","F",16,"U","GT3","T",2,2,"other","other","home","mother",1,2,0,"no","no","yes","no","yes","yes","yes","yes",5,4,4,1,1,5,0,8,7,8,-10606.026,-10622.1993,-10525.1492,-10564.4677,-10455.0715,0.251524989832247,0.252005202075531,0.249129139128769,0.250292742357775,0.247060600363031
"GP","F",17,"U","GT3","T",2,4,"at_home","health","reputation","mother",2,2,0,"no","yes","yes","no","yes","yes","yes","yes",4,3,3,1,1,1,2,10,10,10,-9580.09719999999,-9582.5989,-9522.6414,-9537.54579999999,-9512.8742,0.251079318892038,0.251161352077414,0.249198243217857,0.249685662640589,0.24887903210588
"MS","M",17,"U","LE3","T",3,1,"services","services","course","mother",2,1,0,"no","no","no","no","no","yes","yes","no",2,4,5,3,4,2,3,14,16,16,-11906.2364,-11874.5299,-11959.6373,-11895.2016,-11996.9632,0.249468917913072,0.248639397114268,0.250868512257263,0.249180095119951,0.251848657104917
"GP","F",15,"R","GT3","T",1,1,"other","other","reputation","mother",1,2,2,"yes","yes","no","no","no","yes","yes","yes",3,3,4,2,4,5,2,8,6,5,-9922.36679999999,-10075.7745,-9857.43469999997,-10007.9238,-9947.75279999998,0.248750161880932,0.253571241162441,0.246720719523527,0.251434342345759,0.24954539490785
"GP","M",17,"U","GT3","T",3,2,"services","services","course","mother",1,1,3,"no","yes","no","yes","yes","yes","yes","no",5,5,5,2,4,5,16,6,5,5,-9488.32409999998,-9562.27240000001,-9499.10400000001,-9585.5035,-9647.8091,0.247771279719754,0.250185428771662,0.24812262444746,0.250945771082416,0.252989576245613
"GP","M",17,"U","GT3","T",2,1,"other","other","home","mother",2,1,3,"yes","yes","no","yes","yes","no","yes","no",4,5,1,1,1,3,2,8,8,10,-12381.4032,-14040.7434,-12091.622,-13301.2484,-13613.5058,0.23340387363841,0.273231176048833,0.226702748353163,0.255168691497901,0.262732825119018
"GP","M",18,"R","GT3","T",2,2,"services","other","reputation","mother",1,1,2,"no","yes","no","yes","yes","yes","yes","no",3,3,3,1,2,4,0,7,4,0,-15159.6516999999,-15669.1396,-15360.2952,-15870.3766,-15528.2541,0.242833917382879,0.253060393299474,0.246841259147776,0.257146151239057,0.250215733819328
